State code,State,Municipality code,Municipality,Population 2015,Population 2016,Population 2017,Population 2018,Population 2019,Cases 2015,Cases 2016,Cases 2017,Cases 2018,Cases 2019
5,Antioquia,5001,Medellín,2431666,2420516,2414616,2427129,2483545,3785,17306,2100,1172,1276
5,Antioquia,5002,Abejorral,19897,19979,20047,20367,20258,2,5,1,2,0
5,Antioquia,5004,Abriaquí,2514,2539,2593,2695,2710,0,2,0,1,2
5,Antioquia,5021,Alejandría,4511,4543,4570,4657,4669,0,5,0,0,0
5,Antioquia,5030,Amagá,28691,29006,29429,30227,30777,120,196,17,3,16
5,Antioquia,5031,Amalfi,24444,24794,25205,25962,26552,5,4,2,3,6
5,Antioquia,5034,Andes,42495,42564,42614,43269,43713,14,188,6,2,1
5,Antioquia,5036,Angelópolis,5659,5649,5669,5756,5790,1,5,0,0,0
5,Antioquia,5038,Angostura,11174,11210,11241,11437,11462,4,1,0,0,0
5,Antioquia,5040,Anorí,14568,16180,17394,18321,18737,21,3,4,3,16
5,Antioquia,5042,Santa Fé de Antioquia,25489,25600,25727,26164,26598,129,115,22,10,85
5,Antioquia,5044,Anzá,6903,6910,6905,7010,7085,2,0,1,0,5
5,Antioquia,5045,Apartadó,118489,118802,119318,121003,124647,85,76,138,387,578
5,Antioquia,5051,Arboletes,28808,28865,28862,29295,29942,44,51,50,96,49
5,Antioquia,5055,Argelia,7759,7727,7676,7689,7577,0,2,0,1,0
5,Antioquia,5059,Armenia,5321,5218,5123,5139,5085,9,16,0,0,1
5,Antioquia,5079,Barbosa,48268,48938,49978,51969,53242,17,125,107,78,40
5,Antioquia,5086,Belmira,5908,5917,5911,6000,6054,0,3,0,1,0
5,Antioquia,5088,Bello,455952,481333,504580,522264,538527,605,1749,204,89,88
5,Antioquia,5091,Betania,10153,10161,10168,10323,10274,4,115,11,3,2
5,Antioquia,5093,Betulia,15362,15374,15384,15607,15736,2,49,12,8,1
5,Antioquia,5101,Ciudad Bolívar,29245,27585,26369,26118,26160,47,84,18,9,10
5,Antioquia,5107,Briceño,7889,7895,7906,8039,8065,2,1,4,27,7
5,Antioquia,5113,Buriticá,8203,8488,8839,9354,9502,3,12,26,1,10
5,Antioquia,5120,Cáceres,28573,28609,28572,28996,29716,21,8,5,80,25
5,Antioquia,5125,Caicedo,8168,8174,8164,8297,8420,1,8,1,0,0
5,Antioquia,5129,Caldas,76756,77356,78178,79638,81658,18,174,5,7,13
5,Antioquia,5134,Campamento,8619,8820,8961,9203,9202,0,3,0,0,0
5,Antioquia,5138,Cañasgordas,15262,15298,15296,15523,15490,75,26,6,1,3
5,Antioquia,5142,Caracolí,5134,4934,4695,4582,4537,5,5,3,3,16
5,Antioquia,5145,Caramanta,5591,5204,4867,4743,4670,0,1,0,0,0
5,Antioquia,5147,Carepa,46999,47085,47252,47932,49659,64,101,15,93,103
5,Antioquia,5148,El Carmen de Viboral,53139,55075,57093,59416,61122,2,5,1,0,0
5,Antioquia,5150,Carolina,4259,4133,4000,3954,3954,0,1,0,1,0
5,Antioquia,5154,Caucasia,91203,90925,90361,90213,93044,105,57,16,95,69
5,Antioquia,5172,Chigorodó,56201,56345,56584,57375,58684,7,16,18,134,161
5,Antioquia,5190,Cisneros,10504,10251,9934,9775,9844,25,82,43,4,27
5,Antioquia,5197,Cocorná,17147,16722,15960,15444,15042,1,38,2,1,17
5,Antioquia,5206,Concepción,5025,4946,4812,4797,4760,0,1,0,0,0
5,Antioquia,5209,Concordia,21029,21039,21058,21377,21504,2,9,2,0,2
5,Antioquia,5212,Copacabana,75253,75706,76394,77884,80000,70,283,38,14,35
5,Antioquia,5234,Dabeiba,22525,22588,22653,23044,23255,12,6,6,3,145
5,Antioquia,5237,Donmatías,18528,18575,18648,18902,19332,4,3,2,2,1
5,Antioquia,5240,Ebéjico,11968,11989,11978,12158,12108,6,46,3,3,0
5,Antioquia,5250,El Bagre,47756,49274,50497,51862,52925,38,66,102,89,323
5,Antioquia,5264,Entrerríos,10369,10541,10764,11159,11465,2,1,0,0,1
5,Antioquia,5266,Envigado,206158,213188,221252,228848,236114,77,437,77,43,61
5,Antioquia,5282,Fredonia,23659,23743,23873,24408,24553,2,183,10,2,1
5,Antioquia,5284,Frontino,20751,20674,20554,20739,20657,0,13,30,13,3
5,Antioquia,5306,Giraldo,5225,5280,5364,5544,5652,2,1,0,1,2
5,Antioquia,5308,Girardota,48238,48911,49965,51662,53162,29,69,2,2,17
5,Antioquia,5310,Gómez Plata,10208,9792,9662,9753,9828,3,3,2,0,2
5,Antioquia,5313,Granada,11060,10544,10159,10117,9870,3,6,0,0,0
5,Antioquia,5315,Guadalupe,6396,6424,6435,6560,6607,1,3,1,0,0
5,Antioquia,5318,Guarne,47228,48944,51574,55121,56774,1,10,1,0,0
5,Antioquia,5321,Guatapé,7506,7864,8124,8363,8548,3,23,2,0,1
5,Antioquia,5347,Heliconia,6088,5777,5508,5451,5400,4,41,0,2,1
5,Antioquia,5353,Hispania,5358,5366,5380,5469,5530,9,60,4,2,0
5,Antioquia,5360,Itagüí,268463,269966,272206,276744,283794,251,2857,120,54,56
5,Antioquia,5361,Ituango,26492,26534,26589,27074,27419,8,103,3,0,2
5,Antioquia,5364,Jardín,14255,14286,14309,14518,14662,3,14,0,4,3
5,Antioquia,5368,Jericó,14067,13710,13536,13640,13637,2,22,5,1,0
5,Antioquia,5376,La Ceja,55997,58995,62209,64889,66746,1,4,0,0,2
5,Antioquia,5380,La Estrella,57441,65281,69425,71545,73696,22,223,12,2,17
5,Antioquia,5390,La Pintada,7916,7936,8003,8114,8298,40,53,17,1,7
5,Antioquia,5400,La Unión,20450,20680,20958,21475,21963,0,4,0,1,0
5,Antioquia,5411,Liborina,9797,9843,9842,10028,10040,7,39,83,4,3
5,Antioquia,5425,Maceo,8076,8090,8108,8221,8218,6,17,5,13,141
5,Antioquia,5440,Marinilla,59717,61174,62693,64645,66399,4,6,0,1,4
5,Antioquia,5467,Montebello,7127,6802,6650,6680,6635,0,19,1,1,0
5,Antioquia,5475,Murindó,4470,4553,4672,4911,5088,1,0,0,2,5
5,Antioquia,5480,Mutatá,12198,12895,13451,13991,14196,16,13,1,28,81
5,Antioquia,5483,Nariño,10254,10179,10087,10153,9997,3,1,0,0,0
5,Antioquia,5490,Necoclí,41642,41678,41663,42281,43257,108,93,255,183,359
5,Antioquia,5495,Nechí,21201,22598,24221,25790,26652,1,4,7,207,145
5,Antioquia,5501,Olaya,3080,3083,3077,3127,3150,1,8,4,0,2
5,Antioquia,5541,Peñol,19675,20076,20463,21049,21427,3,4,0,0,3
5,Antioquia,5543,Peque,7838,7861,7929,8097,8186,0,58,4,1,0
5,Antioquia,5576,Pueblorrico,8772,8681,8585,8664,8681,0,3,2,1,1
5,Antioquia,5579,Puerto Berrío,38476,38580,38763,39314,40048,67,53,35,30,199
5,Antioquia,5585,Puerto Nare,14687,14370,14208,14380,14384,15,11,6,6,44
5,Antioquia,5591,Puerto Triunfo,16198,16529,17081,18055,18550,35,13,8,1,34
5,Antioquia,5604,Remedios,25399,26222,27182,28415,29061,20,42,8,1,97
5,Antioquia,5607,Retiro,21773,22166,22697,23514,24185,4,3,0,0,0
5,Antioquia,5615,Rionegro,120841,125285,130128,135465,139553,5,0,1,0,2
5,Antioquia,5628,Sabanalarga,8879,8879,8907,9032,9155,4,4,2,0,1
5,Antioquia,5631,Sabaneta,59273,68224,76937,82375,85484,20,104,20,10,20
5,Antioquia,5642,Salgar,17939,17974,17983,18258,18218,5,22,1,0,5
5,Antioquia,5647,San Andrés de Cuerquía,7077,7090,7115,7235,7240,4,4,1,0,38
5,Antioquia,5649,San Carlos,15959,15985,16004,16247,15940,9,26,7,8,9
5,Antioquia,5652,San Francisco,5538,5564,5567,5648,5776,4,0,2,0,0
5,Antioquia,5656,San Jerónimo,14709,14877,15012,15361,15710,20,287,39,8,21
5,Antioquia,5658,San José de La Montaña,3449,3478,3536,3646,3706,1,0,0,0,0
5,Antioquia,5659,San Juan de Urabá,19769,19791,19788,20093,20549,11,60,69,60,77
5,Antioquia,5660,San Luis,13588,13365,13057,12995,13035,46,32,6,0,15
5,Antioquia,5664,San Pedro de Los Milagros,22381,21902,21720,21949,22447,2,5,0,4,4
5,Antioquia,5665,San Pedro de Urabá,30403,30459,30480,30932,31571,12,13,25,164,82
5,Antioquia,5667,San Rafael,15425,15451,15470,15698,15632,16,32,0,0,8
5,Antioquia,5670,San Roque,21012,21120,21175,21519,21533,4,23,1,0,4
5,Antioquia,5674,San Vicente Ferrer,20277,20898,21429,22093,22258,5,2,0,0,0
5,Antioquia,5679,Santa Bárbara,26172,26271,26350,26784,26944,5,304,33,15,7
5,Antioquia,5686,Santa Rosa de Osos,34860,35196,35539,36318,37143,1,2,4,0,0
5,Antioquia,5690,Santo Domingo,12096,12156,12156,12394,12326,0,4,13,1,9
5,Antioquia,5697,El Santuario,33586,34058,34591,35422,36043,5,2,1,1,0
5,Antioquia,5736,Segovia,37116,37199,37380,37900,38692,29,67,7,8,143
5,Antioquia,5756,Sonsón,35966,35882,35859,36321,36394,3,3,0,2,25
5,Antioquia,5761,Sopetrán,14725,14748,14794,15053,15293,33,37,4,6,8
5,Antioquia,5789,Támesis,17413,16837,16330,16281,16193,3,23,1,0,1
5,Antioquia,5790,Tarazá,26091,26212,26387,26964,27517,7,14,5,95,118
5,Antioquia,5792,Tarso,6988,6516,6217,6184,6194,55,5,4,2,11
5,Antioquia,5809,Titiribí,11445,11216,10895,10775,10716,10,145,6,1,17
5,Antioquia,5819,Toledo,4854,4881,4896,4993,5005,8,2,1,2,0
5,Antioquia,5837,Turbo,122509,122661,122762,124552,127565,147,100,33,242,442
5,Antioquia,5842,Uramita,6775,6781,6788,6888,6875,29,13,0,0,1
5,Antioquia,5847,Urrao,29571,29633,29692,30127,30484,5,8,1,1,3
5,Antioquia,5854,Valdivia,13591,13598,13582,13801,13950,16,66,7,4,36
5,Antioquia,5856,Valparaíso,6922,6744,6564,6498,6462,58,192,20,3,4
5,Antioquia,5858,Vegachí,12680,12323,11918,11810,11910,0,6,6,0,62
5,Antioquia,5861,Venecia,11404,11417,11434,11602,11636,5,63,9,1,1
5,Antioquia,5873,Vigía del Fuerte,7224,7874,8523,9093,9265,0,1,4,5,1
5,Antioquia,5885,Yalí,7312,7384,7447,7608,7630,0,4,0,0,7
5,Antioquia,5887,Yarumal,40716,40818,40952,41542,42116,13,11,4,1,3
5,Antioquia,5890,Yolombó,22151,22217,22208,22538,23050,18,107,11,6,83
5,Antioquia,5893,Yondó,16476,17256,18108,19040,19624,19,18,7,6,38
5,Antioquia,5895,Zaragoza,24229,24267,24282,24651,25210,44,5,10,14,79
8,Atlántico,8001,Barranquilla,1224197,1210233,1195887,1206319,1243056,1403,640,684,1679,1855
8,Atlántico,8078,Baranoa,58610,59498,60523,62382,64949,88,25,7,162,418
8,Atlántico,8137,Campo de La Cruz,21603,21872,22242,22879,23230,5,0,4,0,32
8,Atlántico,8141,Candelaria,14723,15085,15452,15982,16648,14,2,3,1,30
8,Atlántico,8296,Galapa,43524,50213,56221,60708,64260,416,73,39,136,65
8,Atlántico,8372,Juan de Acosta,18818,19532,20185,20999,21971,34,6,3,49,44
8,Atlántico,8421,Luruaco,26533,26909,27346,28175,29348,51,10,13,5,54
8,Atlántico,8433,Malambo,114735,118412,122716,128203,134468,415,81,22,157,181
8,Atlántico,8436,Manatí,18117,18550,19061,19808,20698,28,0,4,4,67
8,Atlántico,8520,Palmar de Varela,27208,27639,28093,28932,30094,291,46,10,6,26
8,Atlántico,8549,Piojó,6118,6260,6402,6608,6873,24,3,0,7,0
8,Atlántico,8558,Polonuevo,17120,17374,17659,18197,18941,27,8,5,199,124
8,Atlántico,8560,Ponedera,22432,22765,23149,23848,24877,62,13,3,6,51
8,Atlántico,8573,Puerto Colombia,38671,43291,46643,49264,51695,78,37,14,38,82
8,Atlántico,8606,Repelón,24774,25096,25457,26200,27249,33,9,11,1,21
8,Atlántico,8634,Sabanagrande,28981,29850,30944,32334,33858,63,13,5,12,21
8,Atlántico,8638,Sabanalarga,88159,89287,90637,93261,97005,286,38,10,99,320
8,Atlántico,8675,Santa Lucía,15116,15318,15568,16023,16624,2,5,0,0,3
8,Atlántico,8685,Santo Tomás,27717,28320,28905,29829,31027,394,50,11,7,11
8,Atlántico,8758,Soledad,525825,545067,571245,603999,638065,580,305,324,675,611
8,Atlántico,8770,Suan,11145,11319,11537,11940,12282,2,4,0,1,21
8,Atlántico,8832,Tubará,14696,15645,16526,17377,18190,12,8,10,11,8
8,Atlántico,8849,Usiacurí,11411,11689,11896,12250,12743,75,22,12,18,23
11,"Bogotá, D.C.",11001,"Bogotá, D.C.",7253823,7290415,7333415,7412566,7592871,0,0,0,0,0
13,Bolívar,13001,Cartagena de Indias,917661,929169,946674,973045,1003685,348,128,56,554,1922
13,Bolívar,13006,Achí,24245,24398,24337,24352,24610,45,8,5,2,6
13,Bolívar,13030,Altos del Rosario,10730,10820,10849,10972,11309,27,13,1,1,66
13,Bolívar,13042,Arenal,7312,7290,7274,7365,7590,9,0,2,2,27
13,Bolívar,13052,Arjona,67312,67829,68333,69503,71837,272,72,18,6,175
13,Bolívar,13062,Arroyohondo,8299,8228,8177,8254,8504,0,1,0,1,5
13,Bolívar,13074,Barranco de Loba,16716,16204,15342,14836,14996,24,8,4,1,116
13,Bolívar,13140,Calamar,23038,22967,22632,22474,22794,5,3,1,8,10
13,Bolívar,13160,Cantagallo,8088,8104,8146,8234,8488,6,14,3,4,19
13,Bolívar,13188,Cicuco,12417,12829,13125,13442,13903,32,10,6,0,2
13,Bolívar,13212,Córdoba,15373,15563,15678,15960,16225,13,24,4,3,60
13,Bolívar,13222,Clemencia,13474,13835,14128,14511,15014,0,0,4,0,27
13,Bolívar,13244,El Carmen de Bolívar,70488,70079,69680,70131,71428,253,311,127,71,465
13,Bolívar,13248,El Guamo,8691,8622,8597,8647,8825,2,11,2,3,4
13,Bolívar,13268,El Peñón,7964,7796,7635,7651,7884,44,0,0,0,2
13,Bolívar,13300,Hatillo de Loba,12615,12491,12296,12317,12699,6,10,0,3,4
13,Bolívar,13430,Magangué,133166,132191,131761,133270,137030,738,255,92,54,179
13,Bolívar,13433,Mahates,26716,27063,27236,27692,28602,1,1,0,2,47
13,Bolívar,13440,Margarita,10754,10780,10682,10673,10913,9,8,1,0,9
13,Bolívar,13442,María La Baja,48461,47180,46116,46112,47389,16,1,0,3,26
13,Bolívar,13458,Montecristo,15639,15983,16128,16389,17017,6,9,5,22,17
13,Bolívar,13468,Mompós,44628,44527,44233,44442,45498,483,133,38,34,164
13,Bolívar,13473,Morales,21442,21720,21887,22259,22846,33,10,1,9,29
13,Bolívar,13490,Norosí,7359,7573,7640,9212,9587,19,2,2,9,50
13,Bolívar,13549,Pinillos,26499,26087,25029,24218,24433,38,11,5,3,61
13,Bolívar,13580,Regidor,5357,5988,6429,6723,6983,14,3,0,0,10
13,Bolívar,13600,Río Viejo,11730,11743,11827,10598,10638,12,1,3,4,17
13,Bolívar,13620,San Cristóbal,7416,7647,7835,8054,8330,2,0,1,1,51
13,Bolívar,13647,San Estanislao,17335,17557,17827,18251,18729,4,0,1,1,44
13,Bolívar,13650,San Fernando,13388,13191,12769,12536,12813,16,6,1,0,14
13,Bolívar,13654,San Jacinto,23819,23827,23786,23913,24232,100,20,5,7,282
13,Bolívar,13655,San Jacinto del Cauca,9548,9692,9766,9935,10305,2,7,3,9,3
13,Bolívar,13657,San Juan Nepomuceno,36439,36533,36515,36874,37765,25,3,5,86,206
13,Bolívar,13667,San Martín de Loba,16117,15841,15230,14774,14792,103,26,3,1,45
13,Bolívar,13670,San Pablo,26917,27032,27060,27190,28043,17,17,3,45,19
13,Bolívar,13673,Santa Catalina,14371,14495,14483,14563,14747,3,1,1,1,38
13,Bolívar,13683,Santa Rosa,20000,20284,20550,20963,21766,42,6,1,11,44
13,Bolívar,13688,Santa Rosa del Sur,30378,31091,31809,32646,33701,160,33,24,322,373
13,Bolívar,13744,Simití,18684,18398,18083,18110,18678,11,2,5,35,34
13,Bolívar,13760,Soplaviento,10362,10407,10473,10650,10733,30,0,0,1,4
13,Bolívar,13780,Talaigua Nuevo,12866,12997,13014,13108,13106,55,3,2,3,24
13,Bolívar,13810,Tiquisio,19469,18672,18096,18035,18584,32,12,13,4,29
13,Bolívar,13836,Turbaco,92560,97108,101014,105166,109813,55,21,14,43,345
13,Bolívar,13838,Turbaná,14907,15508,15945,16403,16954,2,0,1,0,229
13,Bolívar,13873,Villanueva,22378,22700,23126,23777,24581,0,1,11,2,131
13,Bolívar,13894,Zambrano,11183,11379,11617,11880,12113,6,2,1,4,40
15,Boyacá,15001,Tunja,168273,169594,171247,172548,176347,1,0,0,0,0
15,Boyacá,15022,Almeida,2039,2015,1951,1910,1845,0,0,0,0,0
15,Boyacá,15047,Aquitania,15845,15685,15454,15377,15460,0,0,0,0,0
15,Boyacá,15051,Arcabuco,5559,5659,5756,5831,5911,0,0,0,0,0
15,Boyacá,15087,Belén,8244,7900,7626,7481,7500,1,0,0,0,0
15,Boyacá,15090,Berbeo,1744,1689,1623,1596,1587,2,2,0,0,4
15,Boyacá,15092,Betéitiva,2174,2103,1999,1963,1943,0,0,0,0,1
15,Boyacá,15097,Boavita,6194,5874,5416,5059,4888,0,38,0,0,6
15,Boyacá,15104,Boyacá,5130,5127,5078,5089,5103,5,6,0,2,4
15,Boyacá,15106,Briceño,2434,2354,2251,2198,2175,0,7,0,0,0
15,Boyacá,15109,Buenavista,5067,4742,4498,4409,4396,0,0,0,0,0
15,Boyacá,15114,Busbanzá,1010,1074,1087,1118,1138,0,0,0,0,0
15,Boyacá,15131,Caldas,3504,3341,3201,3143,3127,1,0,0,0,2
15,Boyacá,15135,Campohermoso,3566,3418,3223,3121,3082,34,2,0,0,3
15,Boyacá,15162,Cerinza,4073,3922,3781,3713,3703,0,0,0,1,0
15,Boyacá,15172,Chinavita,3477,3372,3263,3209,3198,1,1,0,0,0
15,Boyacá,15176,Chiquinquirá,55667,55756,55925,56054,57101,1,0,0,0,0
15,Boyacá,15180,Chiscas,4722,4433,4129,3994,3924,0,0,0,0,0
15,Boyacá,15183,Chita,9604,9065,8434,8045,7881,0,0,0,0,0
15,Boyacá,15185,Chitaraque,6094,6003,5869,5830,5843,43,40,8,2,24
15,Boyacá,15187,Chivatá,2922,2871,2800,2788,2812,0,0,0,0,0
15,Boyacá,15189,Ciénega,4836,4754,4661,4635,4642,1,0,0,0,0
15,Boyacá,15204,Cómbita,12647,12715,12767,12970,13140,0,0,0,0,0
15,Boyacá,15212,Coper,3925,3818,3694,3619,3585,2,130,19,0,1
15,Boyacá,15215,Corrales,2511,2525,2499,2498,2523,1,0,0,0,0
15,Boyacá,15218,Covarachía,2993,2933,2856,2806,2742,2,1,0,0,16
15,Boyacá,15223,Cubará,7942,8978,9808,10319,10563,49,18,0,18,7
15,Boyacá,15224,Cucaita,3829,3786,3750,3725,3759,0,0,0,0,0
15,Boyacá,15226,Cuítiva,1895,1860,1815,1798,1804,0,0,0,0,0
15,Boyacá,15232,Chíquiza,4917,4825,4722,4684,4713,0,0,0,0,0
15,Boyacá,15236,Chivor,2310,2379,2412,2479,2504,1,0,0,0,0
15,Boyacá,15238,Duitama,120219,120909,121715,122436,124780,0,0,0,0,3
15,Boyacá,15244,El Cocuy,5148,4810,4445,4215,4150,0,0,0,0,0
15,Boyacá,15248,El Espino,3400,3201,3094,3061,3054,0,0,0,0,0
15,Boyacá,15272,Firavitoba,6433,6486,6542,6662,6737,0,0,0,0,0
15,Boyacá,15276,Floresta,3535,3463,3350,3266,3240,0,0,0,0,0
15,Boyacá,15293,Gachantivá,2948,2895,2818,2789,2779,0,0,0,0,0
15,Boyacá,15296,Gámeza,5044,4960,4878,4850,4845,0,0,0,0,0
15,Boyacá,15299,Garagoa,18031,17979,17922,17932,18144,3,2,0,0,2
15,Boyacá,15317,Guacamayas,1985,1940,1893,1865,1843,0,0,0,0,1
15,Boyacá,15322,Guateque,10399,10499,10633,10699,10809,1,1,0,2,0
15,Boyacá,15325,Guayatá,4232,3696,3457,3400,3387,0,0,0,0,0
15,Boyacá,15332,Güicán de La Sierra,4503,4419,4325,4279,4285,0,0,0,0,0
15,Boyacá,15362,Iza,1959,1954,1943,1947,1972,0,0,0,0,0
15,Boyacá,15367,Jenesano,7156,7157,7149,7200,7274,1,0,0,0,0
15,Boyacá,15368,Jericó,4589,4324,4055,3929,3900,0,0,0,0,1
15,Boyacá,15377,Labranzagrande,4534,4046,3691,3526,3501,26,6,0,0,57
15,Boyacá,15380,La Capilla,2859,2794,2727,2689,2686,0,1,0,1,0
15,Boyacá,15401,La Victoria,1220,1169,1125,1118,1118,0,0,0,0,0
15,Boyacá,15403,La Uvita,3349,3264,3125,2999,2831,0,1,0,0,0
15,Boyacá,15407,Villa de Leyva,12818,14197,15394,16139,16617,0,1,1,0,0
15,Boyacá,15425,Macanal,4762,4853,4921,4976,5027,1,0,0,0,0
15,Boyacá,15442,Maripí,6707,6268,5899,5741,5697,0,81,20,2,12
15,Boyacá,15455,Miraflores,9203,9030,8897,8847,8937,41,92,0,0,13
15,Boyacá,15464,Mongua,4871,4755,4667,4636,4620,0,0,0,0,0
15,Boyacá,15466,Monguí,4782,4605,4385,4234,4266,0,0,0,0,0
15,Boyacá,15469,Moniquirá,22392,22493,22504,22572,22821,31,311,5,0,119
15,Boyacá,15476,Motavita,5673,5608,5542,5569,5641,0,0,0,0,0
15,Boyacá,15480,Muzo,9471,9242,8915,8597,8466,179,263,39,3,3
15,Boyacá,15491,Nobsa,14871,15303,15688,15976,16238,0,0,0,0,0
15,Boyacá,15494,Nuevo Colón,5351,5279,5172,5121,5172,0,0,0,0,0
15,Boyacá,15500,Oicatá,2776,2785,2802,2821,2858,0,0,0,0,0
15,Boyacá,15507,Otanche,9051,8691,8250,8018,8002,63,72,18,0,44
15,Boyacá,15511,Pachavita,2763,2644,2507,2467,2447,0,0,0,0,0
15,Boyacá,15514,Páez,3350,3328,3293,3283,3256,1,1,0,0,2
15,Boyacá,15516,Paipa,30685,31990,32927,33535,34177,0,1,0,0,0
15,Boyacá,15518,Pajarito,2450,2421,2389,2390,2400,9,10,1,0,23
15,Boyacá,15522,Panqueba,1856,1820,1751,1717,1702,0,0,0,0,0
15,Boyacá,15531,Pauna,8046,7551,7270,7185,7198,28,95,2,0,1
15,Boyacá,15533,Paya,2716,2669,2601,2593,2616,2,0,0,1,0
15,Boyacá,15537,Paz de Río,4984,4776,4485,4285,4228,0,0,0,0,0
15,Boyacá,15542,Pesca,8415,7751,7134,6852,6765,0,0,0,0,0
15,Boyacá,15550,Pisba,1799,1783,1763,1763,1779,0,0,0,0,1
15,Boyacá,15572,Puerto Boyacá,46696,46662,46632,46736,47600,233,79,9,54,377
15,Boyacá,15580,Quípama,5076,5002,4917,4889,4939,16,62,1,1,0
15,Boyacá,15599,Ramiriquí,9686,9795,9828,9887,9988,0,0,0,0,1
15,Boyacá,15600,Ráquira,9315,8597,8097,7877,7958,0,0,0,0,0
15,Boyacá,15621,Rondón,2762,2627,2483,2407,2384,1,0,0,0,0
15,Boyacá,15632,Saboyá,12719,13072,13326,13588,13728,0,0,0,0,0
15,Boyacá,15638,Sáchica,4771,5069,5298,5452,5578,0,0,0,0,0
15,Boyacá,15646,Samacá,18432,18355,18232,18298,18588,0,0,0,0,0
15,Boyacá,15660,San Eduardo,1782,1759,1732,1701,1676,1,1,0,0,0
15,Boyacá,15664,San José de Pare,5266,5166,5035,4988,4989,0,22,5,1,1
15,Boyacá,15667,San Luis de Gaceno,5921,5694,5557,5499,5476,8,21,1,0,152
15,Boyacá,15673,San Mateo,4255,3945,3583,3332,3204,3,1,1,0,11
15,Boyacá,15676,San Miguel de Sema,3168,3112,3045,3009,3006,0,0,0,0,0
15,Boyacá,15681,San Pablo de Borbur,6977,6831,6665,6608,6664,17,11,1,1,1
15,Boyacá,15686,Santana,7605,7570,7549,7565,7643,38,218,55,0,8
15,Boyacá,15690,Santa María,4284,4003,3730,3559,3518,4,11,0,4,4
15,Boyacá,15693,Santa Rosa de Viterbo,12571,12744,12904,13066,13205,0,0,0,0,0
15,Boyacá,15696,Santa Sofía,3194,3207,3177,3179,3195,0,0,0,0,0
15,Boyacá,15720,Sativanorte,2547,2436,2322,2221,2177,0,0,0,0,0
15,Boyacá,15723,Sativasur,1131,1113,1092,1097,1100,0,0,0,0,0
15,Boyacá,15740,Siachoque,7061,6927,6792,6729,6747,0,0,0,0,0
15,Boyacá,15753,Soatá,9207,9177,9127,9066,8908,78,425,7,3,16
15,Boyacá,15755,Socotá,8808,8117,7542,7298,7231,0,0,0,0,1
15,Boyacá,15757,Socha,7808,7857,7884,7938,8018,0,0,0,0,0
15,Boyacá,15759,Sogamoso,125719,126087,126653,127235,129346,1,0,0,0,3
15,Boyacá,15761,Somondoco,3011,2986,2924,2910,2887,0,0,0,0,0
15,Boyacá,15762,Sora,2912,2950,2977,3019,3050,0,0,0,0,0
15,Boyacá,15763,Sotaquirá,8078,8086,8067,8162,8237,0,0,0,0,0
15,Boyacá,15764,Soracá,6106,6045,5969,5954,6015,0,0,0,0,0
15,Boyacá,15774,Susacón,2945,2844,2746,2717,2704,0,0,0,0,0
15,Boyacá,15776,Sutamarchán,6107,6095,6074,6092,6164,0,0,0,0,0
15,Boyacá,15778,Sutatenza,4449,4371,4275,4233,4224,0,0,0,0,0
15,Boyacá,15790,Tasco,6234,6087,5926,5882,5823,0,0,0,0,0
15,Boyacá,15798,Tenza,4162,4045,3919,3851,3828,0,0,0,0,0
15,Boyacá,15804,Tibaná,9213,9145,9049,9051,9085,0,0,0,0,0
15,Boyacá,15806,Tibasosa,12262,12448,12678,12940,13196,0,0,0,0,0
15,Boyacá,15808,Tinjacá,3068,3138,3196,3266,3313,0,0,0,0,0
15,Boyacá,15810,Tipacoque,3571,3475,3375,3323,3299,0,21,1,0,13
15,Boyacá,15814,Toca,9018,8928,8802,8767,8831,0,0,0,0,0
15,Boyacá,15816,Togüí,4569,4479,4376,4335,4330,4,19,4,0,6
15,Boyacá,15820,Tópaga,3419,3499,3560,3617,3660,0,0,0,0,0
15,Boyacá,15822,Tota,5401,5315,5198,5179,5206,0,0,0,0,0
15,Boyacá,15832,Tununguá,1523,1534,1529,1540,1559,0,9,0,0,0
15,Boyacá,15835,Turmequé,6381,6251,6152,6118,6131,0,0,0,0,0
15,Boyacá,15837,Tuta,8526,8407,8285,8266,8369,0,0,0,0,0
15,Boyacá,15839,Tutazá,2135,2096,2061,2040,2037,0,0,0,0,0
15,Boyacá,15842,Úmbita,7933,7778,7613,7530,7534,0,0,0,0,0
15,Boyacá,15861,Ventaquemada,14564,15021,15364,15706,15920,0,0,0,0,0
15,Boyacá,15879,Viracachá,3121,2997,2881,2837,2817,0,0,0,0,0
15,Boyacá,15897,Zetaquira,4838,4758,4663,4629,4621,0,2,0,0,0
17,Caldas,17001,Manizales,422715,425277,428373,434403,440608,153,18,11,2,13
17,Caldas,17013,Aguadas,22715,22753,22710,22823,22907,28,3,6,0,0
17,Caldas,17042,Anserma,34674,35108,35522,36149,36405,20,40,1,0,4
17,Caldas,17050,Aranzazu,12011,11231,10688,10557,10533,0,1,0,0,1
17,Caldas,17088,Belalcázar,10661,10671,10638,10660,10634,9,7,0,0,1
17,Caldas,17174,Chinchiná,51725,51509,51199,51271,51773,60,168,19,3,14
17,Caldas,17272,Filadelfia,11519,11523,11445,11451,11399,1,37,0,0,0
17,Caldas,17380,La Dorada,69627,70265,70926,71905,72972,192,53,16,18,297
17,Caldas,17388,La Merced,6369,6236,6069,6003,5916,1,3,0,0,1
17,Caldas,17433,Manzanares,19184,18640,18110,17928,17805,0,0,0,0,2
17,Caldas,17442,Marmato,8439,8536,8640,8888,9035,253,56,11,5,10
17,Caldas,17444,Marquetalia,13214,13235,13204,13245,13368,14,28,7,1,14
17,Caldas,17446,Marulanda,2798,2700,2619,2607,2565,0,0,0,0,1
17,Caldas,17486,Neira,22803,21642,21079,21024,21040,1,1,1,0,3
17,Caldas,17495,Norcasia,5945,5969,5979,6022,6075,174,3,0,4,52
17,Caldas,17513,Pácora,15275,15306,15266,15325,15296,2,0,0,0,0
17,Caldas,17524,Palestina,15684,15663,15543,15555,15598,49,27,6,2,8
17,Caldas,17541,Pensilvania,21449,20474,19982,19908,19781,25,5,0,1,0
17,Caldas,17614,Riosucio,43075,45787,48526,50775,51371,24,98,1,0,3
17,Caldas,17616,Risaralda,10873,10865,10796,10815,10640,7,48,5,2,1
17,Caldas,17653,Salamina,20297,19931,19551,19467,19387,3,13,2,0,0
17,Caldas,17662,Samaná,20420,20452,20375,20454,20116,35,13,2,4,13
17,Caldas,17665,San José,4871,4887,4847,4835,4875,1,1,0,0,0
17,Caldas,17777,Supía,26484,27052,27787,28642,29021,59,113,2,1,14
17,Caldas,17867,Victoria,9632,9775,9924,10157,10255,9,1,2,2,14
17,Caldas,17873,Villamaría,53714,58265,62198,64652,66189,4,8,2,0,1
17,Caldas,17877,Viterbo,13036,12872,12739,12734,12780,34,29,7,0,65
18,Caquetá,18001,Florencia,159424,161985,165170,168346,170764,388,273,45,68,368
18,Caquetá,18029,Albania,6449,5817,5129,4675,4491,12,46,0,0,55
18,Caquetá,18094,Belén de Los Andaquíes,10993,10861,10905,11021,11102,6,3,0,2,32
18,Caquetá,18150,Cartagena del Chairá,27501,28492,29551,30399,30778,5,11,3,1,40
18,Caquetá,18205,Curillo,7264,7346,7477,7593,7683,22,57,3,2,76
18,Caquetá,18247,El Doncello,19446,19450,19376,19294,19256,33,12,3,0,30
18,Caquetá,18256,El Paujíl,16508,16991,17577,18036,18251,23,11,3,1,22
18,Caquetá,18410,La Montañita,16057,15249,14793,14714,14662,9,5,3,0,19
18,Caquetá,18460,Milán,8817,9013,9379,9723,9838,3,3,0,0,1
18,Caquetá,18479,Morelia,3521,3556,3632,3698,3718,5,11,0,1,1
18,Caquetá,18592,Puerto Rico,25296,25607,26093,26517,26329,20,38,4,3,86
18,Caquetá,18610,San José del Fragua,11581,11968,12413,12797,12949,0,1,1,1,41
18,Caquetá,18753,San Vicente del Caguán,41181,45773,49021,50719,51714,254,372,192,106,430
18,Caquetá,18756,Solano,10692,10808,11033,11214,11359,37,26,5,3,10
18,Caquetá,18785,Solita,5975,6018,6114,6216,6280,2,1,0,0,5
18,Caquetá,18860,Valparaíso,7220,6980,6876,6887,6968,14,23,1,0,5
19,Cauca,19001,Popayán,292454,298986,307149,318059,321991,24,50,3,3,17
19,Cauca,19022,Almaguer,20418,19826,19033,18449,18263,0,0,0,0,0
19,Cauca,19050,Argelia,26086,26009,25987,26144,26376,11,45,2,3,2
19,Cauca,19075,Balboa,21653,21114,20972,21108,21270,1,11,1,1,2
19,Cauca,19100,Bolívar,46676,43596,40111,38048,37327,0,5,2,0,2
19,Cauca,19110,Buenos Aires,29656,30289,30904,31436,31754,12,32,4,0,6
19,Cauca,19130,Cajibío,40756,41200,41591,42014,42439,2,3,1,5,1
19,Cauca,19137,Caldono,37395,38283,39159,39946,40898,0,3,2,9,4
19,Cauca,19142,Caloto,32730,32952,32960,30181,30143,8,6,2,3,10
19,Cauca,19212,Corinto,24044,24440,24842,25286,25342,12,40,3,19,152
19,Cauca,19256,El Tambo,50883,51938,52981,53891,53840,2,9,1,1,1
19,Cauca,19290,Florencia,5085,5101,5141,5202,5254,1,0,0,1,0
19,Cauca,19300,Guachené,16716,16774,16729,19671,19850,17,15,2,0,21
19,Cauca,19318,Guapí,27449,27572,27517,27616,27619,28,16,5,6,5
19,Cauca,19355,Inzá,28871,28650,28682,28879,29170,1,2,0,2,0
19,Cauca,19364,Jambaló,16741,17116,17481,17841,18240,0,2,0,0,0
19,Cauca,19392,La Sierra,12092,11548,11018,10749,10674,1,0,0,0,0
19,Cauca,19397,La Vega,28783,26264,24946,24501,24542,15,7,0,1,0
19,Cauca,19418,López de Micay,17599,17940,18298,18580,18761,2,2,0,1,2
19,Cauca,19450,Mercaderes,21365,21832,22258,22688,22901,8,13,0,7,1
19,Cauca,19455,Miranda,29864,30334,30799,31360,31733,49,56,2,0,50
19,Cauca,19473,Morales,32930,35713,37656,38838,39516,4,3,1,1,1
19,Cauca,19513,Padilla,9454,9612,9780,9937,9953,13,22,2,4,9
19,Cauca,19517,Páez,43031,44013,44950,45776,46278,15,10,2,2,4
19,Cauca,19532,Patía,32744,34706,35939,36848,37183,101,85,14,24,23
19,Cauca,19533,Piamonte,6339,7529,8339,8811,9004,7,1,5,56,32
19,Cauca,19548,Piendamó - Tunía,38591,39317,40045,40818,41362,13,7,0,1,1
19,Cauca,19573,Puerto Tejada,42733,41468,41139,41615,41648,178,84,13,7,13
19,Cauca,19585,Puracé,17034,17106,17155,17272,17423,0,0,0,0,0
19,Cauca,19622,Rosas,12265,11939,11599,11475,11495,2,5,1,0,2
19,Cauca,19693,San Sebastián,11923,11320,11001,10948,11004,0,0,0,0,0
19,Cauca,19698,Santander de Quilichao,100752,104509,107620,110445,111789,60,131,8,7,25
19,Cauca,19701,Santa Rosa,5258,5303,5321,5339,5354,0,1,0,0,2
19,Cauca,19743,Silvia,35596,36160,36758,37337,37713,2,0,3,0,0
19,Cauca,19760,Sotara,14038,13786,13791,13939,14079,0,0,0,0,0
19,Cauca,19780,Suárez,29075,30455,31264,31904,32226,2,22,4,0,28
19,Cauca,19785,Sucre,9161,9274,9377,9489,9582,5,75,2,0,5
19,Cauca,19807,Timbío,33487,34168,34826,35479,35895,2,8,2,0,5
19,Cauca,19809,Timbiquí,24593,25120,25594,26100,26363,7,3,6,4,5
19,Cauca,19821,Toribío,32178,33138,34199,35218,36016,1,1,1,0,1
19,Cauca,19824,Totoró,21298,22460,23650,24558,25137,0,0,0,1,0
19,Cauca,19845,Villa Rica,18456,19187,19941,20693,21000,22,28,2,4,2
20,Cesar,20001,Valledupar,441986,454142,469024,490075,513685,1949,509,186,507,2817
20,Cesar,20011,Aguachica,100295,102460,105316,109621,114569,315,75,78,293,973
20,Cesar,20013,Agustín Codazzi,60068,60031,59835,60768,62864,203,50,29,360,200
20,Cesar,20032,Astrea,19838,19866,19893,20120,20617,39,8,0,3,173
20,Cesar,20045,Becerril,19885,20298,20807,21611,22542,13,4,5,20,122
20,Cesar,20060,Bosconia,36312,37219,38367,40022,41825,143,27,27,132,102
20,Cesar,20175,Chimichagua,34388,34059,33809,34169,35269,71,28,5,19,288
20,Cesar,20178,Chiriguaná,26779,26791,27000,27694,28743,141,21,18,8,71
20,Cesar,20228,Curumaní,34530,35185,36057,37399,38617,442,87,75,67,765
20,Cesar,20238,El Copey,30189,29883,29666,30159,30957,29,14,10,43,108
20,Cesar,20250,El Paso,31155,34176,36044,37531,39365,28,9,3,32,207
20,Cesar,20295,Gamarra,15509,15058,14808,14973,15458,19,6,5,11,40
20,Cesar,20310,González,5375,4738,4459,4379,4469,1,11,2,0,35
20,Cesar,20383,La Gloria,16403,16519,16700,17150,17858,150,21,6,15,33
20,Cesar,20400,La Jagua de Ibirico,36460,40133,43656,46722,49052,125,23,4,30,145
20,Cesar,20443,Manaure Balcón del Cesar,9163,9400,9663,10047,10479,73,48,19,61,98
20,Cesar,20517,Pailitas,18529,18202,18151,18566,19183,121,28,7,63,367
20,Cesar,20550,Pelaya,19073,19480,19965,20683,21564,55,9,5,4,87
20,Cesar,20570,Pueblo Bello,23700,25011,26010,27007,28298,123,21,6,9,84
20,Cesar,20614,Río de Oro,16746,16710,16637,16837,17346,50,15,11,5,62
20,Cesar,20621,La Paz,26276,26544,26907,27759,28758,98,24,10,19,44
20,Cesar,20710,San Alberto,24467,24726,25251,26247,27449,108,43,86,263,179
20,Cesar,20750,San Diego,16998,17592,18249,19022,19818,32,15,2,7,87
20,Cesar,20770,San Martín,23056,24300,25474,26674,27823,106,37,8,120,148
20,Cesar,20787,Tamalameque,15281,15249,15182,15339,15790,36,7,1,1,24
23,Córdoba,23001,Montería,463732,471724,479318,490935,498858,630,353,312,1567,1852
23,Córdoba,23068,Ayapel,49241,48058,46997,46968,47057,25,9,5,56,56
23,Córdoba,23079,Buenavista,21262,21220,21068,21078,21274,9,3,2,16,6
23,Córdoba,23090,Canalete,16122,15973,15630,15353,15385,5,22,16,26,61
23,Córdoba,23162,Cereté,101563,102968,104176,105815,107234,101,27,13,66,65
23,Córdoba,23168,Chimá,17074,17261,17411,17529,17738,12,2,0,1,49
23,Córdoba,23182,Chinú,47935,47780,47731,47917,48323,24,5,3,10,157
23,Córdoba,23189,Ciénaga de Oro,58349,58583,58737,59086,59871,36,17,5,35,73
23,Córdoba,23300,Cotorra,17986,18540,18874,19041,19315,9,3,0,3,10
23,Córdoba,23350,La Apartada,13845,14164,14477,14866,15058,8,3,2,16,24
23,Córdoba,23417,Lorica,120371,117501,114696,113909,114666,28,32,8,150,391
23,Córdoba,23419,Los Córdobas,18450,18552,18637,18717,19038,2,3,25,9,53
23,Córdoba,23464,Momil,17775,18368,18977,19590,19876,10,16,2,5,53
23,Córdoba,23466,Montelíbano,74418,77005,80043,81641,83908,230,49,52,245,105
23,Córdoba,23500,Moñitos,29106,29430,29616,29833,30242,13,2,2,32,94
23,Córdoba,23555,Planeta Rica,67995,65869,64276,64205,64465,39,22,7,306,163
23,Córdoba,23570,Pueblo Nuevo,34796,35132,35369,35655,36112,188,58,5,228,214
23,Córdoba,23574,Puerto Escondido,23314,23444,23556,23649,24036,7,8,8,56,22
23,Córdoba,23580,Puerto Libertador,37470,39187,40716,41873,42835,20,12,11,150,49
23,Córdoba,23586,Purísima de La Concepción,16948,17052,17094,17206,17411,1,3,0,4,6
23,Córdoba,23660,Sahagún,102088,104237,105980,107636,109052,125,32,2,180,208
23,Córdoba,23670,San Andrés de Sotavento,51294,51813,52302,48610,48215,9,8,1,7,125
23,Córdoba,23672,San Antero,30475,31628,32866,33878,34520,10,3,1,20,122
23,Córdoba,23675,San Bernardo del Viento,36200,36562,36763,37007,37052,3,5,4,27,88
23,Córdoba,23678,San Carlos,26606,26829,26919,26954,27174,14,5,1,9,45
23,Córdoba,23682,San José de Uré,9177,9790,10536,13345,13584,11,0,2,54,2
23,Córdoba,23686,San Pelayo,50592,51175,51578,51838,52481,21,3,3,32,75
23,Córdoba,23807,Tierralta,90228,90558,90988,92349,93873,22,26,75,180,110
23,Córdoba,23815,Tuchín,47057,47636,47939,52606,53744,29,19,6,16,123
23,Córdoba,23855,Valencia,37055,36144,35616,35694,36042,76,18,8,410,269
25,Cundinamarca,25001,Agua de Dios,13303,12891,12161,11685,11966,40,28,15,27,227
25,Cundinamarca,25019,Albán,6181,6238,6287,6438,6650,0,1,0,0,0
25,Cundinamarca,25035,Anapoima,12630,13155,13835,14519,15315,71,73,21,11,124
25,Cundinamarca,25040,Anolaima,14408,14136,13861,13816,14161,41,40,1,0,5
25,Cundinamarca,25053,Arbeláez,11911,11344,11005,10860,10825,12,36,0,3,7
25,Cundinamarca,25086,Beltrán,1803,1803,1783,1789,1832,1,1,2,0,3
25,Cundinamarca,25095,Bituima,2475,2461,2439,2467,2507,1,22,0,1,0
25,Cundinamarca,25099,Bojacá,9137,9373,9618,9913,10524,2,3,0,0,0
25,Cundinamarca,25120,Cabrera,4707,4711,4692,4722,4885,4,1,0,1,0
25,Cundinamarca,25123,Cachipay,9779,9846,9854,9972,10324,2,13,3,2,52
25,Cundinamarca,25126,Cajicá,63604,71187,77472,82244,87866,1,1,0,0,0
25,Cundinamarca,25148,Caparrapí,12513,12504,12469,12569,12714,8,15,0,3,11
25,Cundinamarca,25151,Cáqueza,17765,17359,17054,17099,17480,3,10,6,1,12
25,Cundinamarca,25154,Carmen de Carupa,8161,7766,7577,7580,7733,0,0,0,0,0
25,Cundinamarca,25168,Chaguaní,4149,4160,4143,4182,4255,3,0,0,0,28
25,Cundinamarca,25175,Chía,121410,124620,128078,132181,141308,2,3,0,2,4
25,Cundinamarca,25178,Chipaque,8884,9047,9223,9467,9748,0,2,1,0,0
25,Cundinamarca,25181,Choachí,10709,10773,10826,10961,11213,2,0,0,0,1
25,Cundinamarca,25183,Chocontá,20228,20304,20343,20568,21425,0,2,0,1,2
25,Cundinamarca,25200,Cogua,20809,21076,21386,22067,23286,0,0,0,0,1
25,Cundinamarca,25214,Cota,26737,28936,30952,32691,34948,1,1,0,0,0
25,Cundinamarca,25224,Cucunubá,7180,7238,7366,7626,7935,0,0,0,0,0
25,Cundinamarca,25245,El Colegio,22723,23000,23302,23886,25047,259,208,119,68,171
25,Cundinamarca,25258,El Peñón,4925,4785,4683,4681,4710,7,55,14,0,3
25,Cundinamarca,25260,El Rosal,17799,19429,21018,22065,23417,0,1,0,0,0
25,Cundinamarca,25269,Facatativá,127203,130796,134826,139441,148001,3,2,1,1,0
25,Cundinamarca,25279,Fómeque,11618,11730,11800,11986,12367,0,0,0,2,2
25,Cundinamarca,25281,Fosca,5776,5755,5743,5784,5892,0,1,0,0,0
25,Cundinamarca,25286,Funza,84897,87499,90179,93154,99387,1,2,0,0,2
25,Cundinamarca,25288,Fúquene,5042,5006,4919,4904,5047,0,1,0,0,0
25,Cundinamarca,25290,Fusagasugá,126991,130390,134146,138498,146556,262,1410,36,11,112
25,Cundinamarca,25293,Gachalá,5948,5337,4728,4436,4386,0,0,0,0,0
25,Cundinamarca,25295,Gachancipá,14195,15001,15996,17026,18264,1,0,0,0,1
25,Cundinamarca,25297,Gachetá,10729,9775,8836,8425,8439,1,1,0,1,0
25,Cundinamarca,25299,Gama,3599,3320,3153,3120,3152,0,0,0,0,1
25,Cundinamarca,25307,Girardot,98997,98976,99626,101018,105379,420,277,325,483,679
25,Cundinamarca,25312,Granada,7142,7143,7124,7179,7566,0,2,0,0,0
25,Cundinamarca,25317,Guachetá,12869,12969,13070,13285,13749,0,0,0,1,0
25,Cundinamarca,25320,Guaduas,29543,29817,30020,30524,31869,24,16,7,8,217
25,Cundinamarca,25322,Guasca,14350,14579,14858,15348,16166,0,1,0,0,1
25,Cundinamarca,25324,Guataquí,2996,2937,2872,2848,2811,16,0,0,1,2
25,Cundinamarca,25326,Guatavita,6209,6229,6249,6325,6561,0,0,0,0,0
25,Cundinamarca,25328,Guayabal de Síquima,3963,4132,4258,4444,4587,2,4,1,0,1
25,Cundinamarca,25335,Guayabetal,5494,5709,5955,6232,6485,17,17,1,3,37
25,Cundinamarca,25339,Gutiérrez,3374,3378,3369,3410,3478,0,0,0,0,0
25,Cundinamarca,25368,Jerusalén,2700,2492,2333,2281,2283,3,3,0,11,13
25,Cundinamarca,25372,Junín,5879,5847,5797,5823,5920,0,0,1,0,1
25,Cundinamarca,25377,La Calera,27509,28141,28907,29868,31432,0,0,0,0,0
25,Cundinamarca,25386,La Mesa,29387,30452,31567,32694,34465,189,210,28,29,219
25,Cundinamarca,25394,La Palma,10184,9884,9580,9467,9588,12,68,22,3,19
25,Cundinamarca,25398,La Peña,5947,5930,5888,5911,5976,7,8,5,5,8
25,Cundinamarca,25402,La Vega,15036,15556,16228,16986,17830,143,216,6,2,15
25,Cundinamarca,25407,Lenguazaque,10017,10021,9987,10080,10424,0,0,0,0,0
25,Cundinamarca,25426,Machetá,6817,6537,6229,6124,6171,0,1,0,0,0
25,Cundinamarca,25430,Madrid,87213,97286,105961,112254,120067,1,2,1,0,3
25,Cundinamarca,25436,Manta,3711,3700,3707,3737,3795,0,0,0,0,0
25,Cundinamarca,25438,Medina,9824,9242,8467,8014,8064,6,4,2,4,260
25,Cundinamarca,25473,Mosquera,117246,121210,125479,130221,141171,0,0,0,0,0
25,Cundinamarca,25483,Nariño,2404,2402,2359,2333,2395,3,2,4,11,2
25,Cundinamarca,25486,Nemocón,12457,12630,12824,13171,13868,0,0,1,0,0
25,Cundinamarca,25488,Nilo,10777,10778,10747,10819,11441,108,276,276,160,143
25,Cundinamarca,25489,Nimaima,3586,3598,3577,3589,3665,83,11,0,1,3
25,Cundinamarca,25491,Nocaima,5607,5707,5866,6092,6317,94,14,2,0,3
25,Cundinamarca,25506,Venecia,4109,4139,4159,4218,4320,3,14,0,0,0
25,Cundinamarca,25513,Pacho,26852,25343,24502,24413,25046,12,61,5,5,16
25,Cundinamarca,25518,Paime,4240,4220,4171,4186,4206,3,4,5,0,0
25,Cundinamarca,25524,Pandi,4959,4975,4924,4973,5146,27,42,2,0,0
25,Cundinamarca,25530,Paratebueno,7967,8088,8158,8328,8786,19,8,3,12,148
25,Cundinamarca,25535,Pasca,8993,9015,9015,9105,9341,2,2,0,0,1
25,Cundinamarca,25572,Puerto Salgar,17257,16331,15593,15453,16058,181,33,15,19,244
25,Cundinamarca,25580,Pulí,3324,3314,3307,3327,3369,1,1,1,1,2
25,Cundinamarca,25592,Quebradanegra,4798,4767,4721,4724,4807,4,8,2,1,6
25,Cundinamarca,25594,Quetame,5035,5033,5024,5072,5176,0,2,2,0,11
25,Cundinamarca,25596,Quipile,6372,6357,6279,6291,6380,9,59,1,0,14
25,Cundinamarca,25599,Apulo,8513,8348,8185,8192,8457,30,24,6,4,61
25,Cundinamarca,25612,Ricaurte,11157,11790,12348,12881,13652,48,11,25,60,50
25,Cundinamarca,25645,San Antonio del Tequendama,11084,11201,11421,11870,12340,10,22,10,2,7
25,Cundinamarca,25649,San Bernardo,8268,8320,8364,8487,8703,1,10,0,0,2
25,Cundinamarca,25653,San Cayetano,5201,5041,4886,4846,4892,0,0,0,1,1
25,Cundinamarca,25658,San Francisco,9723,9943,10284,10755,11316,163,96,5,0,7
25,Cundinamarca,25662,San Juan de Rioseco,8611,8389,8196,8181,8324,43,20,13,1,17
25,Cundinamarca,25718,Sasaima,10674,10678,10631,10711,11104,75,12,8,5,14
25,Cundinamarca,25736,Sesquilé,11065,11129,11179,11423,12052,0,0,0,0,0
25,Cundinamarca,25740,Sibaté,35404,34395,33494,33491,35102,0,1,0,0,2
25,Cundinamarca,25743,Silvania,21306,21397,21386,21625,22550,10,123,3,2,17
25,Cundinamarca,25745,Simijaca,12206,12383,12564,12847,13465,0,0,0,0,0
25,Cundinamarca,25754,Soacha,589005,610492,634390,660179,709276,2,2,0,0,5
25,Cundinamarca,25758,Sopó,24434,24853,25258,25782,27456,1,1,0,0,0
25,Cundinamarca,25769,Subachoque,15171,15308,15440,15690,16183,0,0,0,0,0
25,Cundinamarca,25772,Suesca,15402,15936,16460,17021,17902,0,1,0,0,0
25,Cundinamarca,25777,Supatá,5131,5137,5145,5203,5361,1,0,0,1,1
25,Cundinamarca,25779,Susa,6343,6379,6376,6454,6769,0,0,0,0,0
25,Cundinamarca,25781,Sutatausa,5347,5466,5646,5887,6169,0,0,0,0,0
25,Cundinamarca,25785,Tabio,18464,19210,20292,21665,22983,0,1,0,0,3
25,Cundinamarca,25793,Tausa,8024,8019,7998,8067,8354,0,0,0,0,0
25,Cundinamarca,25797,Tena,8118,8426,8908,9567,10065,13,35,2,3,22
25,Cundinamarca,25799,Tenjo,19068,20336,21250,21935,23052,0,0,0,1,0
25,Cundinamarca,25805,Tibacuy,4396,4375,4328,4335,4477,5,74,0,0,3
25,Cundinamarca,25807,Tibirita,3088,3102,3099,3158,3207,0,0,0,0,0
25,Cundinamarca,25815,Tocaima,18205,17186,16136,15735,16136,78,46,28,104,134
25,Cundinamarca,25817,Tocancipá,30138,32817,36426,39996,43020,0,0,0,0,1
25,Cundinamarca,25823,Topaipí,4159,4136,4122,4139,4189,94,15,0,0,5
25,Cundinamarca,25839,Ubalá,10120,8692,7919,7717,7696,0,1,0,0,26
25,Cundinamarca,25841,Ubaque,6758,6740,6691,6727,6875,1,0,0,1,0
25,Cundinamarca,25843,Villa de San Diego de Ubaté,39520,40437,41379,42558,44802,0,0,0,0,1
25,Cundinamarca,25845,Une,8027,7361,6995,6945,7144,0,0,0,0,1
25,Cundinamarca,25851,Útica,4670,4542,4340,4246,4324,143,19,4,5,15
25,Cundinamarca,25862,Vergara,6877,6859,6826,6847,6975,29,288,1,0,3
25,Cundinamarca,25867,Vianí,4264,4290,4283,4339,4497,34,35,1,1,1
25,Cundinamarca,25871,Villagómez,1832,1771,1752,1758,1783,3,2,0,0,0
25,Cundinamarca,25873,Villapinzón,16834,16901,16961,17187,17796,0,0,0,0,0
25,Cundinamarca,25875,Villeta,27518,27132,26767,26873,27986,236,70,64,161,179
25,Cundinamarca,25878,Viotá,13005,13075,13072,13234,13508,34,25,13,4,150
25,Cundinamarca,25885,Yacopí,14806,13615,12659,12322,12367,14,83,11,1,81
25,Cundinamarca,25898,Zipacón,4626,4611,4616,4659,4836,0,0,0,1,1
25,Cundinamarca,25899,Zipaquirá,121071,123787,126819,130537,138654,1,3,0,1,1
27,Chocó,27001,Quibdó,127773,128198,128913,129237,130042,55,72,12,5,57
27,Chocó,27006,Acandí,13404,13611,13840,13999,14085,1,6,2,14,12
27,Chocó,27025,Alto Baudó,27588,27129,27261,27584,27982,2,4,1,1,1
27,Chocó,27050,Atrato,5529,5717,5908,6063,6145,3,16,0,1,4
27,Chocó,27073,Bagadó,10318,10537,10785,11011,11149,12,31,4,2,1
27,Chocó,27075,Bahía Solano,10029,9968,10045,10123,10207,5,5,9,4,11
27,Chocó,27077,Bajo Baudó,27959,28558,29321,29957,30263,108,12,1,4,5
27,Chocó,27099,Bojayá,11337,11515,11789,12073,12212,4,4,0,7,2
27,Chocó,27135,El Cantón del San Pablo,5469,5717,5956,6116,6210,11,2,1,1,4
27,Chocó,27150,Carmen del Darién,14360,16128,17474,18433,18930,2,3,0,3,11
27,Chocó,27160,Cértegui,5459,5511,5589,5635,5705,4,1,2,9,0
27,Chocó,27205,Condoto,14573,13946,13173,12663,12464,4,5,1,1,3
27,Chocó,27245,El Carmen de Atrato,7763,7895,8048,8193,8197,0,2,0,1,1
27,Chocó,27250,El Litoral del San Juan,17106,19021,20556,21669,22242,4,0,1,0,2
27,Chocó,27361,Istmina,29842,30166,30513,30742,30739,26,25,1,4,11
27,Chocó,27372,Juradó,5580,6095,6458,6685,6774,0,0,0,0,2
27,Chocó,27413,Lloró,10284,9913,9786,9786,9850,0,6,1,0,0
27,Chocó,27425,Medio Atrato,10439,10388,10490,10672,10817,5,1,0,0,1
27,Chocó,27430,Medio Baudó,13969,14310,14744,15109,15405,20,60,15,1,15
27,Chocó,27450,Medio San Juan,10396,10361,10450,10579,10718,9,6,3,0,3
27,Chocó,27491,Nóvita,8609,9007,9146,9153,9116,1,3,0,1,3
27,Chocó,27495,Nuquí,13576,15022,15773,16223,16459,1,2,1,1,2
27,Chocó,27580,Río Iró,5144,5237,5368,5467,5537,15,5,0,0,1
27,Chocó,27600,Río Quito,6643,7650,8034,8236,8355,0,2,2,1,3
27,Chocó,27615,Riosucio,50015,51066,52335,53449,54458,3,66,3,2,24
27,Chocó,27660,San José del Palmar,5511,5361,5207,5114,5015,2,2,1,1,2
27,Chocó,27745,Sipí,3247,3155,3137,3174,3202,2,1,0,0,2
27,Chocó,27787,Tadó,18853,18621,18277,18011,17925,3,4,2,0,3
27,Chocó,27800,Unguía,12566,12513,12672,12854,12821,1,1,1,4,25
27,Chocó,27810,Unión Panamericana,6204,6415,6652,6816,6909,0,2,0,1,6
41,Huila,41001,Neiva,349242,351933,354692,357392,361049,1850,1294,532,567,5459
41,Huila,41006,Acevedo,26252,25511,24924,24774,25046,31,87,11,4,25
41,Huila,41013,Agrado,9185,8962,8823,8800,8866,56,87,2,24,46
41,Huila,41016,Aipe,16525,16264,16158,16163,16361,309,99,23,118,426
41,Huila,41020,Algeciras,22515,22453,22408,22481,22498,144,313,69,35,385
41,Huila,41026,Altamira,4033,4167,4232,4275,4323,13,23,0,3,8
41,Huila,41078,Baraya,8527,8482,8402,8338,8282,29,12,16,7,225
41,Huila,41132,Campoalegre,32574,31925,31316,31087,31195,221,139,43,8,371
41,Huila,41206,Colombia,9208,8409,7647,7285,7136,73,12,8,1,117
41,Huila,41244,Elías,4204,4200,4195,4211,4257,97,20,2,0,20
41,Huila,41298,Garzón,71888,72005,72028,72382,73292,544,313,94,88,519
41,Huila,41306,Gigante,24673,24595,24508,24583,24634,57,55,7,1,41
41,Huila,41319,Guadalupe,17802,17811,17786,17890,18104,61,136,3,3,155
41,Huila,41349,Hobo,7175,7212,7246,7286,7335,190,30,11,2,159
41,Huila,41357,Íquira,9979,9596,9322,9248,9291,41,37,7,8,70
41,Huila,41359,Isnos,25975,25721,25304,25186,25463,9,16,10,9,16
41,Huila,41378,La Argentina,12788,12839,12823,12866,13021,2,10,0,0,2
41,Huila,41396,La Plata,60805,60819,60730,61026,61735,275,464,67,33,197
41,Huila,41483,Nátaga,6713,6617,6496,6469,6520,4,1,2,0,5
41,Huila,41503,Oporapa,11775,11707,11611,11629,11779,14,3,3,1,3
41,Huila,41518,Paicol,6561,6550,6561,6583,6655,13,40,2,2,54
41,Huila,41524,Palermo,26463,26323,26194,26279,26590,87,70,18,16,617
41,Huila,41530,Palestina,11260,11215,11134,11159,11282,7,9,4,3,7
41,Huila,41548,Pital,13940,13901,13822,13787,13851,12,12,8,20,58
41,Huila,41551,Pitalito,115131,118234,121528,124359,126682,328,304,103,60,624
41,Huila,41615,Rivera,20915,22656,23732,24312,24757,101,76,29,33,394
41,Huila,41660,Saladoblanco,10665,10581,10481,10444,10502,1,3,1,2,25
41,Huila,41668,San Agustín,33029,32999,32900,33028,33391,26,29,13,11,61
41,Huila,41676,Santa María,10600,10508,10424,10405,10422,4,1,5,1,22
41,Huila,41770,Suaza,18687,20191,21225,21853,22342,40,38,19,9,139
41,Huila,41791,Tarqui,17836,17690,17501,17440,17587,58,53,21,3,252
41,Huila,41797,Tesalia,10635,10637,10646,10697,10815,38,24,8,2,81
41,Huila,41799,Tello,13157,12699,12134,11800,11775,116,21,12,11,175
41,Huila,41801,Teruel,8604,8402,8169,8052,8064,12,13,8,1,50
41,Huila,41807,Timaná,21917,21871,21751,21799,21921,135,91,42,9,182
41,Huila,41872,Villavieja,7797,7651,7429,7288,7247,16,14,12,10,106
41,Huila,41885,Yaguará,7624,7654,7693,7730,7774,20,9,10,2,144
44,La Guajira,44001,Riohacha,167339,172716,179044,188014,195747,241,51,25,411,343
44,La Guajira,44035,Albania,24047,25843,27554,29148,30848,16,6,3,37,39
44,La Guajira,44078,Barrancas,31638,32804,34124,35743,37170,62,13,1,148,35
44,La Guajira,44090,Dibulla,29264,31496,34502,37740,40051,27,12,0,45,34
44,La Guajira,44098,Distracción,11998,12088,12462,13016,13706,12,21,1,18,13
44,La Guajira,44110,El Molino,7829,7655,7307,7185,7574,21,4,0,29,1
44,La Guajira,44279,Fonseca,41799,42362,42434,42772,43728,91,11,1,104,29
44,La Guajira,44378,Hatonuevo,17452,18240,19083,20044,21151,18,6,1,38,24
44,La Guajira,44420,La Jagua del Pilar,3086,3204,3323,3498,3686,0,2,1,0,5
44,La Guajira,44430,Maicao,151660,156729,162601,170582,178832,44,8,28,266,228
44,La Guajira,44560,Manaure,63883,69021,75878,83072,88881,9,1,8,57,24
44,La Guajira,44650,San Juan del Cesar,42864,44149,45410,46953,48387,97,50,6,122,61
44,La Guajira,44847,Uribia,143102,149698,156559,163462,177815,11,10,80,171,113
44,La Guajira,44855,Urumita,13738,12309,11233,10985,11114,29,3,0,26,5
44,La Guajira,44874,Villanueva,29284,28489,27788,28346,28816,143,17,4,28,91
47,Magdalena,47001,Santa Marta,466106,472725,482113,499192,521239,270,117,55,947,695
47,Magdalena,47030,Algarrobo,13482,14134,14806,15511,16194,1,0,0,21,23
47,Magdalena,47053,Aracataca,39143,39318,39354,39857,40726,17,3,2,81,202
47,Magdalena,47058,Ariguaní,31212,30609,30040,30218,31077,10,14,3,130,307
47,Magdalena,47161,Cerro de San Antonio,9469,9549,9654,9890,9885,0,1,0,0,14
47,Magdalena,47170,Chivolo,19698,20625,21202,21862,22715,15,2,0,5,267
47,Magdalena,47189,Ciénaga,114444,115667,117133,120071,122285,101,20,4,48,216
47,Magdalena,47205,Concordia,10361,10339,10326,10505,10908,2,0,1,1,8
47,Magdalena,47245,El Banco,62552,63151,63844,65457,67811,101,67,5,7,93
47,Magdalena,47258,El Piñón,21700,21868,22022,22530,23400,74,2,0,0,30
47,Magdalena,47268,El Retén,18748,18957,19179,19697,20455,2,2,0,53,12
47,Magdalena,47288,Fundación,61951,63120,64411,66433,68681,232,102,4,631,102
47,Magdalena,47318,Guamal,26818,26729,26480,26620,27345,305,35,15,6,136
47,Magdalena,47460,Nueva Granada,18828,19018,19196,19663,20485,4,0,0,75,224
47,Magdalena,47541,Pedraza,8994,9038,9066,9196,9225,1,1,0,0,0
47,Magdalena,47545,Pijiño del Carmen,11962,11889,11888,12093,12548,12,2,0,2,32
47,Magdalena,47551,Pivijay,38508,37951,37260,37341,38203,86,9,5,11,83
47,Magdalena,47555,Plato,59336,59847,60427,61766,63026,56,17,0,18,434
47,Magdalena,47570,Puebloviejo,28133,28601,29030,29824,31151,4,2,0,1,21
47,Magdalena,47605,Remolino,10945,11040,11166,11445,11702,1,1,0,0,1
47,Magdalena,47660,Sabanas de San Ángel,15776,15582,15448,15644,16247,13,4,0,44,20
47,Magdalena,47675,Salamina,10414,10480,10535,10733,11043,24,0,0,1,3
47,Magdalena,47692,San Sebastián de Buenavista,19746,19580,19359,19523,20171,6,86,43,2,121
47,Magdalena,47703,San Zenón,11417,11454,11474,11681,12104,14,22,0,4,17
47,Magdalena,47707,Santa Ana,25642,25632,25432,25438,25750,105,16,2,2,181
47,Magdalena,47720,Santa Bárbara de Pinto,10105,10210,10323,10575,10977,10,1,1,0,3
47,Magdalena,47745,Sitionuevo,26162,26330,26530,27128,28254,3,3,0,5,2
47,Magdalena,47798,Tenerife,13579,13512,13286,13236,13354,13,2,1,5,147
47,Magdalena,47960,Zapayán,9540,9612,9684,9895,10293,0,0,0,4,29
47,Magdalena,47980,Zona Bananera,67071,67377,67523,68722,71578,9,6,3,18,207
50,Meta,50001,Villavicencio,504622,512787,521409,531275,538824,2088,1320,556,2276,8258
50,Meta,50006,Acacías,76622,80221,84253,88023,90124,742,297,148,628,1574
50,Meta,50110,Barranca de Upía,5087,5516,6018,6440,6513,27,17,2,96,139
50,Meta,50124,Cabuyaro,5392,5707,5908,6062,6130,26,5,9,12,102
50,Meta,50150,Castilla La Nueva,10763,11696,12945,14300,15186,237,87,26,80,410
50,Meta,50223,Cubarral,6935,6875,6875,6963,7019,107,7,5,15,223
50,Meta,50226,Cumaral,22231,22306,22464,22831,23014,120,48,8,71,503
50,Meta,50245,El Calvario,2554,2296,1975,1776,1696,0,0,0,1,0
50,Meta,50251,El Castillo,8297,8312,8172,7977,7619,10,46,59,16,124
50,Meta,50270,El Dorado,3804,3781,3807,3888,3932,34,12,17,3,97
50,Meta,50287,Fuente de Oro,12148,11934,11943,12129,12266,201,24,32,46,277
50,Meta,50313,Granada,65240,66384,67556,68876,69770,535,140,44,257,1096
50,Meta,50318,Guamal,13257,13497,13797,14119,14298,62,35,16,149,304
50,Meta,50325,Mapiripán,6728,6726,6827,7007,7086,22,9,0,14,23
50,Meta,50330,Mesetas,10291,10555,10839,11159,10706,92,5,2,14,296
50,Meta,50350,La Macarena,19061,23092,25417,26890,27534,44,83,20,63,58
50,Meta,50370,Uribe,9262,9102,9114,9284,9388,72,9,1,18,63
50,Meta,50400,Lejanías,12434,12234,11792,11463,11256,119,31,9,9,150
50,Meta,50450,Puerto Concordia,7849,7989,8164,8390,8484,16,9,4,26,152
50,Meta,50568,Puerto Gaitán,27670,33585,38592,41513,42677,316,63,31,33,429
50,Meta,50573,Puerto López,34259,32222,30815,30399,30301,542,100,124,223,759
50,Meta,50577,Puerto Lleras,12133,11133,10554,10423,10359,52,11,3,8,125
50,Meta,50590,Puerto Rico,12155,12433,12722,13061,12918,71,41,11,109,234
50,Meta,50606,Restrepo,17119,17464,17845,18268,18474,152,25,27,48,261
50,Meta,50680,San Carlos de Guaroa,10161,10943,11718,12296,12598,172,32,19,177,119
50,Meta,50683,San Juan de Arama,9301,9354,9244,9118,8948,22,9,8,24,182
50,Meta,50686,San Juanito,2008,1692,1434,1307,1266,1,1,0,0,3
50,Meta,50689,San Martín,29109,28087,27075,26707,26571,130,55,50,65,953
50,Meta,50711,Vistahermosa,16398,16827,17279,17778,17168,113,34,26,38,357
52,Nariño,52001,Pasto,396389,393609,391890,392930,392748,3,10,0,1,8
52,Nariño,52019,Albán,13647,11481,10167,9642,9443,0,1,0,0,0
52,Nariño,52022,Aldana,7364,7351,7341,7392,7375,0,0,0,0,0
52,Nariño,52036,Ancuyá,9349,9126,8907,8801,8678,3,8,0,0,0
52,Nariño,52051,Arboleda,8444,8410,8383,8443,8431,1,0,1,0,0
52,Nariño,52079,Barbacoas,45266,50859,54061,55633,56195,11,11,19,15,17
52,Nariño,52083,Belén,6293,6300,6286,6322,6311,1,0,0,0,1
52,Nariño,52110,Buesaco,23966,23774,23736,23908,23909,0,0,0,0,0
52,Nariño,52203,Colón,10010,9348,8802,8526,8403,0,1,0,0,0
52,Nariño,52207,Consacá,13671,13659,13680,13784,13761,0,1,0,0,0
52,Nariño,52210,Contadero,7256,7218,7230,7270,7252,0,0,0,0,0
52,Nariño,52215,Córdoba,15673,15515,15439,15516,15496,2,1,0,1,1
52,Nariño,52224,Cuaspúd,9234,9155,9144,9201,9199,0,0,0,0,0
52,Nariño,52227,Cumbal,33928,35393,36273,36864,36975,0,0,0,1,0
52,Nariño,52233,Cumbitara,6695,6428,6137,5948,5843,1,2,0,0,1
52,Nariño,52240,Chachagüí,15333,15288,15267,15354,15328,2,1,0,1,0
52,Nariño,52250,El Charco,24075,22914,22492,22505,22528,16,3,3,3,12
52,Nariño,52254,El Peñol,7472,7420,7391,7446,7443,0,5,0,1,3
52,Nariño,52256,El Rosario,12251,12196,12193,12280,12169,4,1,0,5,0
52,Nariño,52258,El Tablón de Gómez,15097,14594,14342,14342,14296,3,3,0,0,0
52,Nariño,52260,El Tambo,15094,14828,14527,14283,13986,0,3,0,0,1
52,Nariño,52287,Funes,7684,7510,7302,7222,7168,0,0,0,0,0
52,Nariño,52317,Guachucal,19587,19474,19395,19450,19387,0,0,0,0,0
52,Nariño,52320,Guaitarilla,13895,12743,11914,11582,11422,0,0,0,0,0
52,Nariño,52323,Gualmatán,6909,6972,7012,7057,7049,0,0,0,0,0
52,Nariño,52352,Iles,7895,7725,7635,7662,7646,0,0,1,0,0
52,Nariño,52354,Imués,8491,8164,7862,7657,7530,0,0,0,0,0
52,Nariño,52356,Ipiales,116126,115792,115671,116136,115992,3,3,2,5,5
52,Nariño,52378,La Cruz,19133,18906,18749,18754,18697,0,2,1,0,0
52,Nariño,52381,La Florida,11713,10968,10361,10104,9985,0,1,0,0,0
52,Nariño,52385,La Llanada,6257,6403,6442,6492,6481,0,2,0,0,0
52,Nariño,52390,La Tola,7265,7155,7281,7411,7441,1,1,1,0,0
52,Nariño,52399,La Unión,31890,31702,31679,31858,31803,5,5,1,2,1
52,Nariño,52405,Leiva,11489,10666,10039,9768,9653,19,12,2,1,1
52,Nariño,52411,Linares,11994,11144,10530,10236,10098,0,1,0,0,1
52,Nariño,52418,Los Andes,12619,11015,9965,9547,9376,2,2,0,0,2
52,Nariño,52427,Magüí,18516,20967,23255,24705,25214,0,2,1,1,35
52,Nariño,52435,Mallama,9017,8968,8936,8976,8960,2,1,0,0,1
52,Nariño,52473,Mosquera,10730,11197,11653,11984,12283,3,8,1,0,6
52,Nariño,52480,Nariño,4395,4348,4354,4364,4355,2,7,3,6,8
52,Nariño,52490,Olaya Herrera,26335,25725,25398,25358,25282,6,9,2,1,14
52,Nariño,52506,Ospina,8149,7607,7239,7105,7039,0,0,0,0,0
52,Nariño,52520,Francisco Pizarro,14107,14068,14079,14193,14176,1,1,1,0,27
52,Nariño,52540,Policarpa,10699,10310,10010,9897,9827,0,9,0,0,3
52,Nariño,52560,Potosí,13366,12044,10938,10414,10197,0,0,2,0,0
52,Nariño,52565,Providencia,5812,5627,5561,5572,5562,1,1,0,0,0
52,Nariño,52573,Puerres,9795,9316,8840,8581,8450,0,2,0,0,0
52,Nariño,52585,Pupiales,19634,18558,17790,17491,17334,0,0,0,0,0
52,Nariño,52612,Ricaurte,17746,18262,18976,19631,19885,6,3,0,0,4
52,Nariño,52621,Roberto Payán,12590,12588,12595,12667,12681,0,2,0,1,6
52,Nariño,52678,Samaniego,41875,36782,31978,29414,28380,10,21,2,5,24
52,Nariño,52683,Sandoná,25478,23917,22019,20773,20184,0,2,0,0,1
52,Nariño,52685,San Bernardo,9533,9267,9186,9202,9186,0,0,0,0,0
52,Nariño,52687,San Lorenzo,19143,18671,18474,18473,18435,1,8,0,0,2
52,Nariño,52693,San Pablo,16475,16125,15736,15389,15034,2,0,0,0,0
52,Nariño,52694,San Pedro de Cartago,6817,6803,6784,6843,6831,0,0,0,0,0
52,Nariño,52696,Santa Bárbara,13511,13406,13363,13427,13331,15,1,0,1,0
52,Nariño,52699,Santacruz,10789,10744,10725,10796,10939,0,0,0,0,2
52,Nariño,52720,Sapuyes,7947,7676,7449,7346,7277,0,0,0,0,1
52,Nariño,52786,Taminango,17778,17709,17728,17854,17866,86,107,1,19,2
52,Nariño,52788,Tangua,13410,13392,13422,13507,13397,1,0,0,0,0
52,Nariño,52835,San Andrés de Tumaco,211605,232767,246473,253637,255783,182,240,79,99,377
52,Nariño,52838,Túquerres,45198,44794,44565,44729,44650,2,0,0,1,2
52,Nariño,52885,Yacuanquer,10807,10827,10872,10938,10946,0,0,0,0,0
54,Norte de Santander,54001,Cúcuta,663508,671830,683875,711715,749197,2071,995,416,2687,3569
54,Norte de Santander,54003,Ábrego,33228,32204,31347,31786,33003,82,214,51,33,107
54,Norte de Santander,54051,Arboledas,9432,9350,9337,9605,9860,11,6,0,2,13
54,Norte de Santander,54099,Bochalema,7602,7681,7792,8105,8529,30,23,10,6,79
54,Norte de Santander,54109,Bucarasica,5868,5942,6013,6248,6472,3,1,1,1,7
54,Norte de Santander,54125,Cácota,2843,2804,2758,2781,2855,1,0,0,0,0
54,Norte de Santander,54128,Cáchira,11672,11422,11050,10995,11096,2,0,1,2,4
54,Norte de Santander,54172,Chinácota,16120,16309,16594,17263,18176,55,62,3,21,182
54,Norte de Santander,54174,Chitagá,10832,10961,11136,11564,12042,0,2,0,0,0
54,Norte de Santander,54206,Convención,16927,17307,17691,18463,19131,77,132,52,40,185
54,Norte de Santander,54223,Cucutilla,8780,8322,7995,8095,8307,2,0,0,0,4
54,Norte de Santander,54239,Durania,4427,4421,4414,4541,4693,2,3,2,2,20
54,Norte de Santander,54245,El Carmen,12625,12606,12687,13144,13648,193,32,13,28,158
54,Norte de Santander,54250,El Tarra,17849,18483,19103,20093,21145,13,28,40,35,49
54,Norte de Santander,54261,El Zulia,24645,25062,25598,26700,28240,208,68,28,123,250
54,Norte de Santander,54313,Gramalote,7552,7319,7160,7295,7524,4,0,0,2,2
54,Norte de Santander,54344,Hacarí,9426,9517,9629,9998,10342,47,42,23,27,28
54,Norte de Santander,54347,Herrán,5414,5869,6291,6755,7087,0,0,0,0,0
54,Norte de Santander,54377,Labateca,6447,6301,6184,6268,6443,1,0,1,6,8
54,Norte de Santander,54385,La Esperanza,10684,10806,10944,11358,11941,8,2,18,62,52
54,Norte de Santander,54398,La Playa,7106,7200,7298,7582,7821,5,30,7,8,22
54,Norte de Santander,54405,Los Patios,80147,82532,85043,89091,93754,208,133,82,453,434
54,Norte de Santander,54418,Lourdes,4069,3961,3886,3954,4091,6,4,0,1,0
54,Norte de Santander,54480,Mutiscua,3888,3949,4006,4163,4373,1,0,0,0,0
54,Norte de Santander,54498,Ocaña,108454,111061,113488,118273,124603,391,423,151,181,554
54,Norte de Santander,54518,Pamplona,48403,48438,48627,50025,52240,3,4,1,0,3
54,Norte de Santander,54520,Pamplonita,5040,5097,5200,5402,5628,2,0,1,2,0
54,Norte de Santander,54553,Puerto Santander,8000,8052,8168,8502,8938,14,7,6,42,43
54,Norte de Santander,54599,Ragonvalia,5866,5779,5736,5899,6149,2,1,1,1,6
54,Norte de Santander,54660,Salazar,10378,10205,10037,10205,10501,22,18,1,8,14
54,Norte de Santander,54670,San Calixto,11307,11410,11563,12011,12127,5,17,4,3,23
54,Norte de Santander,54673,San Cayetano,5564,5875,6380,6978,7442,20,4,4,23,43
54,Norte de Santander,54680,Santiago,3094,3156,3206,3361,3537,13,4,4,10,8
54,Norte de Santander,54720,Sardinata,23589,23854,24217,25142,26100,41,35,8,72,57
54,Norte de Santander,54743,Silos,5766,5844,5926,6162,6380,0,0,0,0,0
54,Norte de Santander,54800,Teorama,15245,15389,15582,16193,17040,37,94,42,45,175
54,Norte de Santander,54810,Tibú,42771,46454,49951,53586,56510,333,142,48,100,73
54,Norte de Santander,54820,Toledo,16282,15526,15134,15440,15937,7,4,20,26,43
54,Norte de Santander,54871,Villa Caro,5315,5060,4907,4996,5172,0,1,0,1,10
54,Norte de Santander,54874,Villa del Rosario,95390,96528,98117,101952,107288,324,142,147,799,392
63,Quindio,63001,Armenia,295805,296368,296246,295208,300194,1772,1352,293,233,175
63,Quindio,63111,Buenavista,3060,3073,3082,3095,3107,12,9,0,2,3
63,Quindio,63130,Calarcá,73446,73404,73178,72783,73872,448,364,45,39,27
63,Quindio,63190,Circasia,27998,28124,28169,28162,28631,154,304,31,13,33
63,Quindio,63212,Córdoba,5709,5698,5685,5642,5687,178,32,31,23,12
63,Quindio,63272,Filandia,12252,12212,12139,12066,12154,10,23,6,10,6
63,Quindio,63302,Génova,8823,8250,7791,7516,7455,17,9,11,20,27
63,Quindio,63401,La Tebaida,33631,33648,33597,33451,34172,290,81,34,29,121
63,Quindio,63470,Montenegro,38967,38007,37240,36751,37127,221,264,81,38,18
63,Quindio,63548,Pijao,6302,5911,5490,5219,5146,7,5,1,0,6
63,Quindio,63594,Quimbaya,33333,32403,31436,30751,30911,589,104,44,47,76
63,Quindio,63690,Salento,8097,8621,9036,9260,9399,5,5,5,1,2
66,Risaralda,66001,Pereira,475033,471873,468576,467269,472406,639,1272,65,58,180
66,Risaralda,66045,Apía,12940,12745,12537,12406,12276,0,1,0,0,0
66,Risaralda,66075,Balboa,6443,6440,6410,6423,6348,61,39,8,13,15
66,Risaralda,66088,Belén de Umbría,25341,25152,24833,24690,24660,66,181,18,9,33
66,Risaralda,66170,Dosquebradas,207239,212555,215575,217178,220771,280,918,42,23,59
66,Risaralda,66318,Guática,12585,12465,12274,12158,12108,0,3,0,0,0
66,Risaralda,66383,La Celia,7736,7674,7571,7514,7448,1,187,0,1,3
66,Risaralda,66400,La Virginia,30820,29656,28606,27923,27916,274,104,27,61,160
66,Risaralda,66440,Marsella,18738,18053,17347,16940,16782,25,90,3,0,2
66,Risaralda,66456,Mistrató,14557,15336,16232,16950,17110,9,10,0,1,3
66,Risaralda,66572,Pueblo Rico,13602,14473,15423,16156,16309,5,6,0,0,2
66,Risaralda,66594,Quinchía,28327,28036,27572,27292,27235,3,12,3,0,1
66,Risaralda,66682,Santa Rosa de Cabal,79154,78664,78109,77838,78636,14,68,4,1,23
66,Risaralda,66687,Santuario,14610,13608,12942,12664,12506,6,18,6,0,3
68,Santander,68001,Bucaramanga,571262,572603,574434,581130,595635,2594,2097,372,601,2525
68,Santander,68013,Aguada,2056,1961,1870,1855,1858,0,2,1,0,0
68,Santander,68020,Albania,4057,4043,4084,4129,4242,0,0,0,1,0
68,Santander,68051,Aratoca,8170,8152,8147,8229,8368,12,14,5,0,3
68,Santander,68077,Barbosa,29135,29747,30361,31050,31940,19,161,22,7,291
68,Santander,68079,Barichara,8908,9646,10150,10486,10674,29,81,2,22,8
68,Santander,68081,Barrancabermeja,204391,203380,202587,203537,207494,544,216,107,148,768
68,Santander,68092,Betulia,5800,5852,5872,5941,6003,3,3,3,0,3
68,Santander,68101,Bolívar,13018,12476,11746,11287,11073,13,4,2,2,19
68,Santander,68121,Cabrera,1838,1855,1879,1937,1983,3,3,0,1,0
68,Santander,68132,California,1938,2004,2065,2130,2186,1,0,0,0,0
68,Santander,68147,Capitanejo,6335,6053,5704,5505,5479,27,14,4,13,250
68,Santander,68152,Carcasí,4895,4555,4349,4292,4263,3,3,1,0,0
68,Santander,68160,Cepitá,2073,2069,2038,2015,2018,9,15,2,0,2
68,Santander,68162,Cerrito,6869,6753,6687,6729,6838,1,7,1,1,0
68,Santander,68167,Charalá,12413,12363,12284,12270,12256,37,86,6,11,16
68,Santander,68169,Charta,3187,3051,2932,2888,2883,3,4,1,0,1
68,Santander,68176,Chima,3253,3103,2951,2875,2865,7,1,3,3,11
68,Santander,68179,Chipatá,5201,5153,5065,5075,5084,0,1,0,0,0
68,Santander,68190,Cimitarra,33255,32989,32770,32947,33750,100,84,27,37,539
68,Santander,68207,Concepción,6133,5993,5814,5738,5738,4,1,0,0,5
68,Santander,68209,Confines,3058,3090,3115,3159,3233,4,6,12,6,12
68,Santander,68211,Contratación,4223,4031,3812,3679,3683,28,39,4,6,13
68,Santander,68217,Coromoro,5920,5474,5120,5015,5009,1,11,22,7,2
68,Santander,68229,Curití,12433,12501,12543,12717,13028,16,22,2,8,7
68,Santander,68235,El Carmen de Chucurí,18343,19452,20280,20916,21415,13,34,10,65,166
68,Santander,68245,El Guacamayo,2479,2409,2274,2167,2119,4,3,1,0,2
68,Santander,68250,El Peñón,5256,5248,5246,5279,5405,1,1,1,0,44
68,Santander,68255,El Playón,14216,13978,13730,13713,13882,62,71,47,127,77
68,Santander,68264,Encino,2755,2653,2567,2552,2567,0,0,0,0,1
68,Santander,68266,Enciso,4017,3799,3569,3461,3444,77,29,1,0,6
68,Santander,68271,Florián,6156,5912,5656,5562,5569,0,1,1,0,1
68,Santander,68276,Floridablanca,284834,286111,287805,291935,300730,1276,1371,395,348,1300
68,Santander,68296,Galán,3015,2958,2907,2886,2883,3,10,1,1,6
68,Santander,68298,Gámbita,4141,4111,4041,4021,4008,5,5,3,0,1
68,Santander,68307,Girón,154246,155400,157011,160403,166843,727,462,160,178,654
68,Santander,68318,Guaca,6432,6244,6031,5916,5900,4,6,2,2,1
68,Santander,68320,Guadalupe,5429,5028,4665,4511,4473,6,9,1,0,4
68,Santander,68322,Guapotá,2405,2382,2362,2375,2394,1,1,1,0,31
68,Santander,68324,Guavatá,4578,4464,4302,4230,4200,0,0,0,0,1
68,Santander,68327,Güepsa,4952,4998,5034,5114,5222,2,1,1,0,18
68,Santander,68344,Hato,2314,2306,2301,2328,2349,4,2,0,1,1
68,Santander,68368,Jesús María,3396,3388,3337,3342,3337,0,3,3,1,7
68,Santander,68370,Jordán,1313,1322,1322,1314,1325,1,0,0,1,3
68,Santander,68377,La Belleza,6868,6642,6340,6198,6174,2,6,1,0,26
68,Santander,68385,Landázuri,11979,11013,10487,10384,10482,112,11,2,0,109
68,Santander,68397,La Paz,5450,5248,5041,4953,4921,1,0,0,0,2
68,Santander,68406,Lebrija,38601,39702,40684,41835,43145,440,213,64,37,296
68,Santander,68418,Los Santos,12068,12743,13439,14106,14485,45,25,14,6,17
68,Santander,68425,Macaravita,2614,2473,2280,2171,2125,1,0,0,2,0
68,Santander,68432,Málaga,20444,20519,20659,20945,21339,4,9,4,1,5
68,Santander,68444,Matanza,4933,4927,4930,4976,4999,7,19,15,1,13
68,Santander,68464,Mogotes,11166,10871,10577,10527,10576,1,10,1,1,3
68,Santander,68468,Molagavita,5040,4614,4256,4137,4105,0,0,1,0,0
68,Santander,68498,Ocamonte,5357,5451,5563,5661,5740,7,3,4,1,4
68,Santander,68500,Oiba,10664,10664,10684,10800,11004,103,98,9,17,32
68,Santander,68502,Onzaga,5367,4913,4433,4183,4111,6,6,0,0,1
68,Santander,68522,Palmar,1346,1346,1343,1361,1386,13,2,1,0,3
68,Santander,68524,Palmas del Socorro,2497,2496,2495,2535,2584,10,15,2,0,6
68,Santander,68533,Páramo,4144,4344,4517,4654,4773,16,14,1,5,17
68,Santander,68547,Piedecuesta,140252,150819,162014,170625,177586,604,361,182,263,949
68,Santander,68549,Pinchote,4475,4783,5007,5162,5285,10,18,3,1,7
68,Santander,68572,Puente Nacional,14619,14599,14575,14654,14740,2,149,21,1,9
68,Santander,68573,Puerto Parra,6753,7099,7403,7640,7846,3,0,3,3,38
68,Santander,68575,Puerto Wilches,32006,32118,32276,32791,33572,46,22,4,12,49
68,Santander,68615,Rionegro,26257,26230,26210,26438,26746,85,40,40,65,119
68,Santander,68655,Sabana de Torres,30692,31681,32365,33055,33887,52,80,54,305,84
68,Santander,68669,San Andrés,9802,9396,8927,8683,8613,9,55,3,0,2
68,Santander,68673,San Benito,3379,3123,2967,2950,2957,0,0,2,5,3
68,Santander,68679,San Gil,53715,54452,55013,56037,58032,365,385,60,84,145
68,Santander,68682,San Joaquín,2811,2574,2334,2241,2215,4,0,0,1,1
68,Santander,68684,San José de Miranda,4755,4636,4472,4367,4313,6,11,1,3,6
68,Santander,68686,San Miguel,2803,2731,2599,2531,2494,1,0,0,0,7
68,Santander,68689,San Vicente de Chucurí,32808,32812,32813,33133,33414,139,77,21,56,205
68,Santander,68705,Santa Bárbara,2353,2354,2352,2401,2425,2,1,2,0,1
68,Santander,68720,Santa Helena del Opón,4135,3725,3450,3389,3393,1,62,0,3,16
68,Santander,68745,Simacota,9964,9967,9962,10042,10138,10,5,3,7,26
68,Santander,68755,Socorro,31676,31750,31817,32158,32965,283,179,26,24,506
68,Santander,68770,Suaita,10239,10088,9991,10031,10086,144,79,49,13,105
68,Santander,68773,Sucre,8842,8157,7502,7202,7103,1,3,0,1,1
68,Santander,68780,Suratá,3919,3936,3930,3975,3977,2,1,0,2,7
68,Santander,68820,Tona,7009,7067,7162,7373,7562,1,4,0,0,6
68,Santander,68855,Valle de San José,5809,5864,5939,6084,6222,5,15,3,3,34
68,Santander,68861,Vélez,23723,23881,24013,24356,24843,10,6,1,3,43
68,Santander,68867,Vetas,1932,1989,2044,2114,2142,2,0,0,2,1
68,Santander,68872,Villanueva,7867,7861,7843,7873,7927,20,19,6,112,56
68,Santander,68895,Zapatoca,9780,9633,9507,9466,9507,8,21,11,2,43
70,Sucre,70001,Sincelejo,262578,265643,270421,277773,286635,1392,442,235,365,3693
70,Sucre,70110,Buenavista,9958,10062,10220,10441,10727,33,4,3,0,35
70,Sucre,70124,Caimito,14573,14743,14897,15231,15668,24,1,3,6,46
70,Sucre,70204,Colosó,8264,8334,8434,8623,8670,8,5,2,1,38
70,Sucre,70215,Corozal,64221,64945,65904,67371,69268,54,28,13,19,479
70,Sucre,70221,Coveñas,15194,16565,17503,18250,18892,12,17,5,10,128
70,Sucre,70230,Chalán,4403,4420,4424,4466,4537,38,6,0,0,20
70,Sucre,70233,El Roble,9717,9750,9786,9944,10215,6,0,0,8,67
70,Sucre,70235,Galeras,20213,20830,21380,21982,22673,38,2,0,1,26
70,Sucre,70265,Guaranda,17552,17516,17472,17713,18198,30,20,17,21,30
70,Sucre,70400,La Unión,11859,11962,12103,12349,12701,29,10,0,44,60
70,Sucre,70418,Los Palmitos,21917,22169,22410,22880,23420,45,2,3,8,147
70,Sucre,70429,Majagual,35246,35617,35936,36650,37564,32,6,4,26,28
70,Sucre,70473,Morroa,14107,14339,14679,15061,15495,16,6,3,2,84
70,Sucre,70508,Ovejas,22482,22519,22597,22871,23148,5,8,4,11,152
70,Sucre,70523,Palmito,13116,13407,13721,14114,14635,9,4,1,30,76
70,Sucre,70670,Sampués,43690,44636,45414,46455,47746,309,110,37,48,328
70,Sucre,70678,San Benito Abad,27569,27834,28072,28673,29282,26,18,8,3,79
70,Sucre,70702,San Juan de Betulia,13051,13163,13282,13535,13892,79,7,1,4,80
70,Sucre,70708,San Marcos,55664,56104,56613,57672,59254,407,92,40,52,242
70,Sucre,70713,San Onofre,51168,50713,49875,49633,50423,64,16,6,5,127
70,Sucre,70717,San Pedro,18308,18375,18421,18590,18920,24,8,3,4,115
70,Sucre,70742,San Luis de Sincé,31548,31097,30691,30773,31365,21,10,3,2,184
70,Sucre,70771,Sucre,28270,28597,28890,29552,30253,13,11,2,6,52
70,Sucre,70820,Santiago de Tolú,31983,32198,32459,32922,33553,116,42,20,10,114
70,Sucre,70823,Tolú Viejo,21489,21348,21180,21339,21850,87,15,5,12,244
73,Tolima,73001,Ibagué,512706,517940,524123,529635,536087,5221,2230,606,600,5130
73,Tolima,73024,Alpujarra,5082,4875,4649,4544,4493,5,4,0,1,7
73,Tolima,73026,Alvarado,8810,8741,8691,8697,8710,106,63,43,67,252
73,Tolima,73030,Ambalema,7343,7074,6819,6657,6596,12,36,12,28,18
73,Tolima,73043,Anzoátegui,10222,10233,10189,10217,10110,5,6,4,1,14
73,Tolima,73055,Armero,13318,13211,12968,12696,12335,88,36,46,25,269
73,Tolima,73067,Ataco,19283,19324,19256,19330,19195,15,23,29,25,243
73,Tolima,73124,Cajamarca,18778,18572,18445,18471,18443,18,12,3,0,7
73,Tolima,73148,Carmen de Apicalá,8895,9309,9764,10117,10306,47,50,28,38,61
73,Tolima,73152,Casabianca,6382,6367,6343,6373,6326,1,7,3,9,16
73,Tolima,73168,Chaparral,49744,49981,50098,50367,50565,172,78,53,92,824
73,Tolima,73200,Coello,8271,8256,8212,8248,8286,43,8,13,17,79
73,Tolima,73217,Coyaima,25695,24436,23275,22813,22610,181,94,56,76,158
73,Tolima,73226,Cunday,8734,8757,8716,8745,8518,5,16,7,23,93
73,Tolima,73236,Dolores,8367,8360,8335,8359,8250,5,1,0,0,3
73,Tolima,73268,Espinal,70881,70635,70417,70494,70769,705,230,280,421,1822
73,Tolima,73270,Falan,7913,7885,7783,7693,7494,88,32,3,18,66
73,Tolima,73275,Flandes,28363,28318,28317,28389,28510,75,36,44,172,254
73,Tolima,73283,Fresno,31016,31036,30979,31069,31124,50,41,58,46,238
73,Tolima,73319,Guamo,33890,33417,33013,32940,32826,198,135,139,257,721
73,Tolima,73347,Herveo,8393,7987,7555,7363,7266,0,1,2,0,0
73,Tolima,73349,Honda,26637,25994,25245,24693,24585,86,69,68,53,244
73,Tolima,73352,Icononzo,11722,11819,11814,11887,11891,45,70,5,4,31
73,Tolima,73408,Lérida,18583,18579,18538,18574,18598,252,135,254,244,310
73,Tolima,73411,Líbano,40261,38959,37592,36773,36432,479,895,192,96,190
73,Tolima,73443,San Sebastián de Mariquita,37213,37328,37471,37770,38084,175,244,202,168,718
73,Tolima,73449,Melgar,33930,34648,35643,36536,37191,387,444,213,225,329
73,Tolima,73461,Murillo,4100,4089,4103,4113,4129,0,3,1,1,3
73,Tolima,73483,Natagaima,14828,14821,14803,14835,14722,122,27,14,17,58
73,Tolima,73504,Ortega,34622,34640,34507,34607,34453,43,40,23,37,393
73,Tolima,73520,Palocabildo,9662,9689,9678,9730,9773,32,26,17,16,68
73,Tolima,73547,Piedras,6334,6499,6608,6711,6737,18,47,6,9,117
73,Tolima,73555,Planadas,25541,25677,25647,25764,25785,13,30,13,14,154
73,Tolima,73563,Prado,8807,8710,8575,8498,8443,29,14,6,12,32
73,Tolima,73585,Purificación,24537,24112,23691,23536,23527,374,72,136,124,269
73,Tolima,73616,Rioblanco,23766,23332,22881,22771,22660,31,19,26,4,228
73,Tolima,73622,Roncesvalles,5454,5464,5440,5459,5467,4,0,0,0,3
73,Tolima,73624,Rovira,21768,21778,21673,21674,21556,42,67,23,23,145
73,Tolima,73671,Saldaña,14422,14432,14408,14435,14450,53,48,42,158,688
73,Tolima,73675,San Antonio,14488,13879,13235,12896,12691,85,281,109,11,118
73,Tolima,73678,San Luis,13530,13560,13510,13553,13481,115,49,99,77,201
73,Tolima,73686,Santa Isabel,6263,6077,5870,5769,5710,1,2,0,0,4
73,Tolima,73770,Suárez,3984,3938,3855,3813,3788,20,10,48,19,52
73,Tolima,73854,Valle de San Juan,5436,5397,5343,5345,5353,21,9,24,12,103
73,Tolima,73861,Venadillo,14175,13558,13058,12817,12751,52,35,39,31,81
73,Tolima,73870,Villahermosa,10217,9752,9396,9283,9216,6,12,4,4,14
73,Tolima,73873,Villarrica,5830,5607,5308,5128,5021,3,4,2,1,3
76,Valle del Cauca,76001,Cali,2208089,2208181,2206804,2227642,2241491,14523,19414,3710,1735,3890
76,Valle del Cauca,76020,Alcalá,13634,13744,13847,14062,14189,38,74,17,4,12
76,Valle del Cauca,76036,Andalucía,21731,21953,22111,22436,22515,18,14,0,2,21
76,Valle del Cauca,76041,Ansermanuevo,19018,18343,17664,17448,17348,86,21,7,7,15
76,Valle del Cauca,76054,Argelia,6251,5985,5609,5397,5258,5,8,5,0,0
76,Valle del Cauca,76100,Bolívar,16732,16498,16121,16021,15828,75,68,21,2,15
76,Valle del Cauca,76109,Buenaventura,299487,302173,303947,308188,310194,173,296,95,46,99
76,Valle del Cauca,76111,Guadalajara de Buga,125321,125755,126034,127545,128316,273,495,69,29,511
76,Valle del Cauca,76113,Bugalagrande,23400,23673,23910,24318,24400,132,63,28,13,79
76,Valle del Cauca,76122,Caicedonia,30908,29935,29110,28825,28609,127,89,22,18,39
76,Valle del Cauca,76126,Calima,17373,17577,17736,18054,18171,6,9,3,1,17
76,Valle del Cauca,76130,Candelaria,81396,84372,87819,91825,93183,237,238,34,14,34
76,Valle del Cauca,76147,Cartago,133484,133734,134014,135729,136596,391,387,93,74,314
76,Valle del Cauca,76233,Dagua,42705,44796,46653,48443,48758,233,145,17,9,18
76,Valle del Cauca,76243,El Águila,9955,9608,9136,8909,8696,3,18,6,1,9
76,Valle del Cauca,76246,El Cairo,9060,8039,7186,6845,6637,3,5,1,0,0
76,Valle del Cauca,76248,El Cerrito,54738,55216,55613,56470,56835,135,183,40,22,14
76,Valle del Cauca,76250,El Dovio,9781,9537,9145,8886,8711,3,2,2,1,2
76,Valle del Cauca,76275,Florida,57914,57371,56958,57374,57696,219,192,33,30,293
76,Valle del Cauca,76306,Ginebra,21551,21914,22256,22741,22908,30,34,9,0,6
76,Valle del Cauca,76318,Guacarí,32014,32353,32631,33191,33405,64,88,29,11,48
76,Valle del Cauca,76364,Jamundí,122259,137418,150514,159877,164159,283,347,48,32,79
76,Valle del Cauca,76377,La Cumbre,13952,14907,15687,16316,16422,6,3,0,0,2
76,Valle del Cauca,76400,La Unión,33542,33399,33460,33953,34244,225,293,21,8,13
76,Valle del Cauca,76403,La Victoria,14184,13412,12577,12174,11981,13,18,3,9,15
76,Valle del Cauca,76497,Obando,13635,13285,12683,12312,12140,5,24,8,2,3
76,Valle del Cauca,76520,Palmira,336917,340457,343511,349294,352016,750,1337,186,105,635
76,Valle del Cauca,76563,Pradera,47455,47262,47156,47615,47918,84,79,22,13,26
76,Valle del Cauca,76606,Restrepo,16125,15683,15316,15307,15295,18,28,30,1,6
76,Valle del Cauca,76616,Riofrío,16768,15857,15466,15554,15483,28,244,4,5,52
76,Valle del Cauca,76622,Roldanillo,38073,37572,36883,36797,36767,208,83,22,5,63
76,Valle del Cauca,76670,San Pedro,16027,16324,16583,16942,17082,16,20,8,0,15
76,Valle del Cauca,76736,Sevilla,44708,43964,42801,42133,41503,31,91,9,1,21
76,Valle del Cauca,76823,Toro,16113,15408,14788,14612,14467,21,25,1,0,2
76,Valle del Cauca,76828,Trujillo,20318,19913,19364,19226,19073,44,70,12,6,51
76,Valle del Cauca,76834,Tuluá,202635,204793,207577,212685,215978,875,810,159,38,537
76,Valle del Cauca,76845,Ulloa,5528,5418,5389,5465,5412,0,35,1,0,14
76,Valle del Cauca,76863,Versalles,8560,8146,7597,7263,7070,13,55,3,0,1
76,Valle del Cauca,76869,Vijes,12040,12277,12481,12734,12817,12,38,3,2,8
76,Valle del Cauca,76890,Yotoco,15346,15555,15730,16019,16117,205,76,2,10,54
76,Valle del Cauca,76892,Yumbo,100134,102247,104527,107334,108889,247,305,59,26,179
76,Valle del Cauca,76895,Zarzal,40920,41166,41371,41925,42191,63,73,31,8,79
81,Arauca,81001,Arauca,71469,74379,78688,85585,91875,195,108,80,83,499
81,Arauca,81065,Arauquita,40163,42414,45492,49841,53407,126,9,22,63,456
81,Arauca,81220,Cravo Norte,3490,3590,3709,3925,4042,5,10,5,2,5
81,Arauca,81300,Fortul,12853,15295,17111,18938,19659,54,37,42,22,149
81,Arauca,81591,Puerto Rondón,3979,3959,4084,4399,4688,9,0,1,5,18
81,Arauca,81736,Saravena,44995,47584,50869,55554,59697,173,78,136,327,591
81,Arauca,81794,Tame,32032,35322,39258,43932,46741,174,67,14,41,268
85,Casanare,85001,Yopal,148655,155344,162437,168433,173610,926,339,209,466,2291
85,Casanare,85010,Aguazul,35001,35584,36240,36915,37513,222,188,107,230,814
85,Casanare,85015,Chámeza,2201,2278,2372,2500,2571,1,0,1,0,43
85,Casanare,85125,Hato Corozal,12811,12757,12539,12328,12203,11,4,4,16,32
85,Casanare,85136,La Salina,1534,1518,1464,1417,1385,0,0,0,0,0
85,Casanare,85139,Maní,16001,16385,16797,17211,17359,54,111,11,35,138
85,Casanare,85162,Monterrey,16875,16880,17170,17537,17797,150,54,5,29,152
85,Casanare,85225,Nunchía,9554,9250,8942,8826,8738,23,15,9,71,71
85,Casanare,85230,Orocué,11003,11518,11968,12340,12514,16,3,5,8,66
85,Casanare,85250,Paz de Ariporo,33703,34535,35404,36277,36861,182,33,2,134,327
85,Casanare,85263,Pore,11621,11768,11866,11967,12001,23,21,1,74,106
85,Casanare,85279,Recetor,1504,1552,1588,1634,1718,1,1,0,3,5
85,Casanare,85300,Sabanalarga,4167,3929,3716,3625,3583,38,7,2,5,37
85,Casanare,85315,Sácama,1935,1968,2018,2090,2073,0,0,0,0,0
85,Casanare,85325,San Luis de Palenque,8982,8596,8431,8466,8378,15,6,3,13,119
85,Casanare,85400,Támara,8181,7701,7163,6873,6671,4,7,2,4,48
85,Casanare,85410,Tauramena,21312,21937,22718,23527,24445,102,39,42,50,427
85,Casanare,85430,Trinidad,12949,13003,13076,13233,13350,18,10,4,21,224
85,Casanare,85440,Villanueva,30364,32248,34018,35305,35793,149,105,7,52,804
86,Putumayo,86001,Mocoa,51716,52990,54524,56398,57716,125,83,10,63,153
86,Putumayo,86219,Colón,5035,5116,5242,5407,5469,0,0,0,0,0
86,Putumayo,86320,Orito,38849,37363,37140,37745,38244,75,263,61,284,332
86,Putumayo,86568,Puerto Asís,60821,61802,63124,64867,66084,155,210,54,112,298
86,Putumayo,86569,Puerto Caicedo,16301,16281,16130,16095,16033,34,118,25,43,149
86,Putumayo,86571,Puerto Guzmán,27141,30964,33456,35390,36052,48,101,26,37,102
86,Putumayo,86573,Puerto Leguízamo,24432,26155,27368,28468,29001,9,19,13,44,227
86,Putumayo,86749,Sibundoy,14819,14877,14862,14940,15217,0,0,0,0,0
86,Putumayo,86755,San Francisco,6273,6016,5767,5645,5585,1,0,1,0,1
86,Putumayo,86757,San Miguel,17483,17755,18164,18780,19119,31,86,41,11,107
86,Putumayo,86760,Santiago,7153,7031,7106,7290,7284,0,0,0,0,0
86,Putumayo,86865,Valle del Guamuez,31245,31801,32506,33457,34082,503,354,82,131,213
86,Putumayo,86885,Villagarzón,21481,22401,23152,23700,23873,141,167,36,66,272
88,"Archipiélago de San Andrés, Providencia y Santa Catalina",88001,San Andrés,54916,55188,55482,55291,56358,151,53,20,12,26
88,"Archipiélago de San Andrés, Providencia y Santa Catalina",88564,Providencia,5980,6014,6022,5989,6124,2,2,0,1,4
91,Amazonas,91001,Leticia,42600,44397,46216,48144,48918,146,74,52,44,1676
91,Amazonas,91263,El Encanto,3241,2468,2139,2100,2077,0,0,0,0,0
91,Amazonas,91405,La Chorrera,2599,2733,2831,2967,2947,0,1,1,0,1
91,Amazonas,91407,La Pedrera,2767,3255,3569,3820,3882,2,3,0,0,14
91,Amazonas,91430,La Victoria,552,575,608,644,652,0,1,0,0,0
91,Amazonas,91460,Mirití - Paraná,1621,1701,1769,1850,1860,0,0,0,0,0
91,Amazonas,91530,Puerto Alegría,662,691,711,748,759,0,0,0,0,0
91,Amazonas,91536,Puerto Arica,880,923,970,1013,1027,0,0,1,0,0
91,Amazonas,91540,Puerto Nariño,8434,8879,9280,9744,9997,0,3,1,1,3
91,Amazonas,91669,Puerto Santander,1541,1622,1685,1758,1765,0,2,0,0,0
91,Amazonas,91798,Tarapacá,2965,3248,3543,3801,3869,1,0,0,0,1
94,Guainía,94001,Inírida,25592,27171,29029,31514,32673,68,195,7,16,138
94,Guainía,94343,Barranco Minas,6077,6609,7230,8088,8042,5,1,0,0,15
94,Guainía,94663,Mapiripana,763,827,912,1022,1048,0,0,0,0,0
94,Guainía,94883,San Felipe,977,1212,1436,1667,1706,1,0,0,0,3
94,Guainía,94884,Puerto Colombia,1403,1520,1672,1874,1934,0,1,0,0,2
94,Guainía,94885,La Guadalupe,210,224,243,279,288,0,0,1,0,1
94,Guainía,94886,Cacahual,413,580,732,863,886,0,0,0,0,1
94,Guainía,94887,Pana Pana,1420,1540,1687,1899,1959,0,0,0,0,0
94,Guainía,94888,Morichal,685,739,807,908,937,0,0,0,0,0
95,Guaviare,95001,San José del Guaviare,43611,46348,49544,52815,54333,149,220,77,605,478
95,Guaviare,95015,Calamar,7204,7962,8779,9528,9801,33,19,4,56,39
95,Guaviare,95025,El Retorno,10860,11681,12664,13653,13684,53,55,38,227,75
95,Guaviare,95200,Miraflores,5428,5815,6289,6771,6898,0,0,1,1,0
97,Vaupés,97001,Mitú,21952,24633,27356,29850,31302,1,9,0,2,199
97,Vaupés,97161,Carurú,2293,2476,2697,2915,3056,1,0,0,0,1
97,Vaupés,97511,Pacoa,3175,3349,3692,4042,4229,0,1,0,0,4
97,Vaupés,97666,Taraira,1743,1887,2049,2215,2318,0,0,1,0,0
97,Vaupés,97777,Papunahua,762,692,691,727,749,0,0,0,0,0
97,Vaupés,97889,Yavaraté,1212,1073,1027,1048,1067,0,0,0,0,0
99,Vichada,99001,Puerto Carreño,20319,20921,21087,20936,20474,27,32,5,5,214
99,Vichada,99524,La Primavera,9694,10098,10233,10122,9799,25,72,0,3,92
99,Vichada,99624,Santa Rosalía,4551,4296,4083,4059,4130,15,14,9,0,31
99,Vichada,99773,Cumaribo,51719,57693,65161,72691,76196,52,55,16,6,39
